timestamp,PktIn,KBIn,AVG_RR,Inter,CTXSW,KBOut,CPU,SUM_RR,PktOut,vm_number,AVG_LAT_05
1565842767,0.2666258476199997,0.026493631688544426,0.047099105740624085,1024.0081821362523,2115.241545459089,0.7117175354185931,7.7356975058739295,0.14135189987292246,0.199976674830476,3,12740.186333333333
1565842808,0.28331083904036075,0.0271787294255651,0.05000033342000254,987.5867562022836,2043.233727488656,0.7114807491807592,7.399414152959517,0.15000150026500764,0.1999866701658836,3,13139.585666666666
1565842838,0.24997501374394024,0.02542027173181808,0.05000050001833378,1011.3563395584861,2083.6870775672655,0.7158384263184789,7.312478620213501,0.15000150005500135,0.2499583537408999,3,12802.591666666667
1565842870,0.19997334399573505,0.02258813271566373,0.05000350073515438,1004.2217912834866,2055.8547847527657,0.7131376355707717,6.995615087297456,0.15001050220546314,0.19997334399573505,3,12740.186333333333
1565842902,0.26671001884079465,0.026501167856741958,0.05000016670833396,1051.0275971425515,2142.868859697271,0.7151712064893673,7.564386721635421,0.15000050012500188,0.2333625135469917,4,12997.365333333333
1565842933,0.2832983438301843,0.027177880164596453,0.04999983333499999,1022.6927722020876,2101.427097699232,0.7120102464895971,7.152424243651893,0.14999950000499995,0.1833108394565276,4,13059.770666666665
1565842974,0.3166608336249854,0.028938283717324563,0.05000716960956867,1014.6989950502476,2077.2634476609505,0.7143435796960151,7.4265299235017626,0.15002150882870602,0.2333291668749896,4,13183.668666666665
1565843005,0.25003668350834585,0.025427323681078483,0.05000050001500045,976.5009044595135,2016.981775369409,0.7112143934001706,6.924494604753899,0.15000150004500135,0.18336918346667708,4,12678.542
1565843036,0.2499292268238664,0.02502558534880768,0.05000033335000043,1041.4509691762005,2177.5748039166706,0.7144610333169931,7.451285157616567,0.15000100005000133,0.2332625601571997,4,12428.31
1565843069,0.23340422692622065,0.024355936921383173,0.049998333416662516,1036.7005604764051,2147.9124072127975,0.7140710204259558,7.240329696907874,0.14999500024998752,0.21673756025955399,4,12792.688999999995
1565843099,0.28332083429158544,0.027179719339387343,0.0499958342214638,1058.0806509807828,2160.942239713582,0.7167771538845354,7.1629750291841825,0.1499875026643914,0.26665250120822304,4,13076.892666666667
1565843141,0.23729606759925154,0.024700934123046143,0.04999833349998334,1354.1906862110002,2744.161324431215,0.7127063758048424,25.548046827833748,0.14999500049995002,0.2373253793350772,4,13076.892666666667
1565843178,0.2376603966013321,0.024444064449772127,0.04996522424621808,1028.9728173931633,2147.6721249571747,0.7120059965415579,8.159203054447772,0.14989567273865426,0.20015414547611948,4,13111.306
1565843211,0.2751325978973684,0.026856687311921344,0.05000050000833348,1052.6034169299253,2170.071794625559,0.7154655383980477,7.5088472470979575,0.15000150002500046,0.25011508563878737,4,13138.621333333334
1565843248,0.2623951721838221,0.026318853074520518,0.05000583562251106,1037.5835090343762,2121.055039239669,0.7144795334244003,7.0102269414977805,0.15001750686753318,0.23737583951111985,4,13120.258000000002
1565843284,0.26251062859392665,0.026331452384747968,0.05003406360716458,1052.8029919363662,2155.135308888656,0.7159479157475828,7.341446848727268,0.1501021908214938,0.26250875387513445,4,12978.338333333333
1565843330,0.2499756334660181,0.02522947898627195,0.041222633755381065,1067.1740440146216,2215.5167609876225,0.7143330099828954,7.584159716643954,0.1649676029412736,0.23747375974675736,4,14745.33925
1565843360,0.2624538047285751,0.02603312298575945,0.0444180000100002,1048.3267580871848,2179.0652340019133,0.7141481835669137,7.411316155543642,0.1777220000400008,0.2374475466054593,4,14457.12125
1565843392,0.3001258091519464,0.028467368845801408,0.047733500236223435,1052.4431584127556,2195.318157881823,0.7146675540401619,7.705022709577983,0.19098400094489376,0.2376208081517464,4,14266.75675
1565843423,0.2500343845339148,0.02574582193600856,0.05000075002250083,1041.4816914386838,2150.762984975752,0.7151399998359458,7.3261761911887575,0.20000300009000327,0.2499968751562422,5,13964.64875
1565843453,0.2499931271558579,0.025231111691636474,0.049999000142496745,1068.031856950026,2224.2617857903742,0.7137426931338475,7.547166526057381,0.19999600056998693,0.2249900026245064,5,13964.64875
1565843497,0.28746938377911146,0.02764593591501352,0.05000012549125002,1031.6331181667806,2137.748695393249,0.7129446284469645,7.379134556971941,0.20000050196500008,0.21247750637344406,5,14217.16875
1565843530,0.30001250100008753,0.02816274728354686,0.050000000062499994,1030.2759200414391,2160.007055515292,0.7154198435424985,7.334036898458905,0.2000000002500001,0.25001000087508124,5,14365.3075
1565843561,0.2750056265939516,0.026843821567738364,0.049999625118741335,1031.5123808304884,2154.288367664992,0.7141659206122459,7.322679108566768,0.1999985004749653,0.2250050012501625,5,13858.496
1565843593,0.2750168802822393,0.0265519151895808,0.04999962500374997,1026.0756389906946,2140.904212630542,0.7145832245715478,7.694154957819659,0.19999850001499986,0.2375156301572268,5,13277.2515
1565843627,0.2623701527302851,0.02602528586149241,0.04999875019247873,1063.5503780813945,2187.8374771288413,0.7141324168792752,7.860084030132942,0.1999950007699149,0.2248920021086261,5,13333.836
1565843673,0.2749481523275425,0.026838410744465337,0.05000037512625822,1056.0178639117962,2162.165018246814,0.7149753665244121,8.253459497100138,0.20000150050503288,0.23745627279899245,5,13423.832
1565843706,0.2999920007999201,0.02833915729520798,0.050007754214940435,1111.6076662333767,2219.4255584441557,0.7122026088406784,8.016848815118342,0.2000310168597617,0.22999600039996,5,13365.2695
1565843743,0.28992815158491403,0.027927756576320482,0.05000662968158822,1385.9915395444675,2878.764803766444,0.7159263345317084,20.632748311659434,0.20002651872635288,0.2599806395537514,5,12930.7645
1565843779,0.22009281165565805,0.023662448870509417,0.04999662540370062,1050.9358303503411,2116.9882543123426,0.7135093159906338,8.638456029891866,0.19998650161480247,0.21006627462414654,5,12849.11725
1565843813,0.2500642695753378,0.025357170694697662,0.04998525904901264,1052.1865205474332,2161.5335321114608,0.7121658555102878,7.9263366451675585,0.19994103619605053,0.20003722900018514,5,13034.80825
1565843863,0.28995451621960083,0.02616016011179052,0.05000837896038137,1072.683841512195,2204.831468250975,0.7158504442276901,7.442664627291975,0.20003351584152548,0.2698976249515986,5,12802.8425
1565843902,0.2400297673670713,0.024945454541728158,0.04999887515623347,1053.4696076688629,2149.9665598397505,0.7138941297530519,7.346496433130483,0.19999550062493388,0.22005432366983546,5,12762.75525
1565843933,0.26002400600156045,0.02599861294421158,0.04220719027856562,1094.4308716325645,2216.9735866755227,0.7151785946639599,7.6807675965524425,0.21108886541379374,0.24001900470121035,5,14155.8544
1565843962,0.25999999999999995,0.02552734375,0.044621883544354216,1054.16,2140.81,0.714462890625,7.484999999999842,0.22317191772177106,0.24,5,13952.9364
1565843991,0.2599635207138603,0.025523699794140143,0.04707923469021707,1086.6765137892285,2177.434391876674,0.7146586961293245,8.02401681931013,0.23544908813345145,0.23996602028894154,5,14371.133999999998
1565844033,0.2600245040256989,0.02552969032440694,0.050003600934271336,1025.4814142521452,2089.356068042779,0.7165882023479051,7.931719914936389,0.2500180046713567,0.27002700455080264,6,14246.1256
1565844067,0.2800105050767069,0.0270520381666722,0.050001000076004665,1043.333062290791,2149.3981894530793,0.7139004651894312,7.264440183581247,0.2500050003800233,0.23001150502670936,6,14265.151000000002
1565844101,0.2800010003500025,0.027519595735400547,0.0499994000459982,1066.2705591141014,2199.3604508043763,0.7162891359694094,7.489999658111137,0.24999700022999105,0.2500010002500025,6,14361.323800000002
1565844140,0.2300906669181099,0.02454069257699816,0.05000050001900054,1052.7235336977487,2155.575130079892,0.7133210172271711,8.480712978552267,0.2500025000950027,0.20007813513497608,6,14215.9944
1565844171,0.25000300779926554,0.025351806941985872,0.049999500032998745,1057.9886523180562,2153.1068499217336,0.7153490236466105,7.873996702180546,0.2499975001649937,0.2400020060993754,6,14099.0732
1565844213,0.26005854451204763,0.026001775308544105,0.050004501199369764,1047.6094479887843,2158.1693102293675,0.713297573491112,9.052521087816027,0.2500225059968488,0.2100500372809012,6,14042.4226
1565844248,0.2599640118460788,0.0257582096504726,0.04999960004999828,1071.6698098707038,2163.015520940259,0.7127587886157446,7.351995828052408,0.2499980002499914,0.19997450817236456,6,14250.9322
1565844284,0.2700035064764794,0.026406864957105737,0.05000090011100759,1051.5532320927632,2138.383550028117,0.7165325534682767,7.556312330271604,0.250004500555038,0.26001000725197576,6,13906.0448
1565844321,0.28330168395072075,0.026990789444240854,0.050000100001,1420.960336827511,2748.488099133965,0.7123921175925613,19.235885453664576,0.250000500005,0.2333033505757624,6,13877.8054
1565844363,0.2667348912007028,0.028195967689151818,0.04999750026496736,1355.9421703910064,2785.2369157832304,0.7145681325261576,13.474497785609364,0.2499875013248368,0.2581648720995397,6,13906.3706
1565844421,0.2417063108373898,0.025289415216961767,0.049993202618798686,1049.7765929365655,2153.4850503727644,0.7107190692460562,7.676576979785099,0.2499660130939935,0.16669796190418165,6,13990.022399999998
1565844461,0.24993929313903016,0.025621777484982303,0.05000120049599839,1063.1405104632406,2181.8105621321993,0.7151110438370291,7.61576263493644,0.25000600247999194,0.2416076264723677,6,13680.2802
1565844501,0.2753385095429364,0.02688166759883884,0.04999500113374115,1060.8433529922083,2196.670027798367,0.7166320848001724,7.560057352396518,0.2499750056687057,0.25034771295806285,6,13738.449
1565844567,0.3334206349608615,0.030224239776286705,0.04471057109882537,1054.5817792400744,2157.4970190762747,0.7147866234361503,7.439400449509312,0.2683534175938521,0.2417268235758552,6,15199.785833333333
1565844610,0.30824466554754604,0.028792284236494724,0.04772129273777197,1062.917088326582,2178.043966825804,0.7144299879457856,7.896897091089027,0.2863894230932985,0.2332654838558693,6,15261.225333333336
1565844645,0.2582862757573166,0.025573262138423505,0.04779908035435845,1047.6641583645621,2161.25681410575,0.7146455254062763,7.561927499475075,0.2867411390132466,0.2416237736750244,5,13674.454000000002
1565844682,0.25020566259789456,0.024903397558677272,0.04520127010617634,1061.32039361133,2216.0367777725264,0.7161021354338146,7.957743497716271,0.27113427996965805,0.24024129264113905,5,13690.9384
1565844717,0.3100055030249013,0.028984911405167305,0.0499983003249417,1078.3022432113537,2224.135868538867,0.7139791958869809,7.6117432290520135,0.2499915016247085,0.22000400219993504,5,13436.0748
1565844751,0.24979751123447186,0.02533042144886629,0.050001400070004164,1063.3127925003876,2144.732145486774,0.7127904447206699,7.566958706583475,0.2500070003500208,0.19986782228859207,5,13484.243
1565844792,0.2599698489552619,0.025759344159552312,0.05000030001899991,1054.668248725903,2148.161974136491,0.7168907489407864,7.369421906774306,0.25000150009499955,0.2600202636273105,5,13242.5002
1565844824,0.2401116678020837,0.025187552145338358,0.05000220033205849,1085.8531350520805,2232.7499248760378,0.7159930857365729,7.636610712234608,0.25001100166029244,0.23014120568509394,5,13744.8702
1565844854,0.2599985108742099,0.02599589272330733,0.049999800003999915,1050.7582911825568,2167.8260239536967,0.7165350971881974,7.5160524815585354,0.2499990000199996,0.2499910111985087,5,13621.285199999998
1565844887,0.2600270096529185,0.025764373021527655,0.05000240057613827,1075.9766773992146,2200.6876246007737,0.715586841104183,7.6198389376933715,0.25001200288069136,0.24002900960292345,5,13576.1146
1565844923,0.2900140062005603,0.027462195900342868,0.04999980000399993,1057.7948324072509,2167.4543159197283,0.7154580855086238,7.2713032091110845,0.24999900001999964,0.2300075043753189,5,13658.368999999999
1565844971,0.24965099932234466,0.02531598540828733,0.0500021005031059,1057.2147073753765,2171.31297841579,0.7125221901985874,7.454503432689194,0.2500105025155295,0.2096678285919424,5,13555.708999999999
1565845007,0.2601745621817017,0.025782203156850016,0.049997801441550915,1097.5290618133797,2239.5398265117833,0.7192489772578851,7.628731232834804,0.2499890072077545,0.2900993583438496,5,13359.4334
1565845041,0.21989404281677088,0.023639841844428758,0.04798598009236614,1040.7561622856867,2124.1278487942786,0.7152628147888052,7.454324138957088,0.2398932292112577,0.2298935403895629,4,13565.296999999999
1565845082,0.29894075179386914,0.02834981336111992,0.04453606953840091,1082.5177020591864,2236.460437163243,0.711479910398501,7.552666352275912,0.22261534769200456,0.2116748851102464,4,13513.77575
1565845113,0.23774717217400104,0.024746447096821868,0.05000462662183342,1062.8676058805297,2189.6621753938784,0.7155794288650091,7.496921896613491,0.20001850648733369,0.2127415446416115,4,13044.73625
1565845153,0.2374881265310328,0.02442506240866989,0.0500002500450001,1023.2121694050276,2109.632528722824,0.7159066481452179,7.442089738626006,0.2000010001800004,0.2374881265310328,4,12920.97775
1565845181,0.23750812953164546,0.02472005110230247,0.05000612887027009,1038.2177278508973,2166.553494669498,0.7151667041705575,7.435259125235237,0.2000245154810804,0.21250562903154546,4,12966.20625
1565845209,0.27503876569438745,0.02713993249877952,0.04999987500624991,1041.7448598268236,2160.7148878639678,0.7172374191485367,7.343559791391687,0.19999950002499964,0.2500387656943875,4,13008.30675
1565845241,0.25001500637663177,0.025233416770271497,0.0500005000200008,1049.8465865867613,2143.442335334606,0.7148153991981003,7.350431374240062,0.2000020000800032,0.2125137550013192,4,12855.259500000002
1565845273,0.2625650758957697,0.02604402298840724,0.0500007500250009,1050.3504359559026,2190.8613848779983,0.7144945620459063,7.5260510895124035,0.2000030001000036,0.21256632583327284,4,12596.721000000001
1565845313,0.3124937536870907,0.028966593980152888,0.050000250005000114,1027.0148208678863,2132.9909246231077,0.7148414022105192,7.1222690905864745,0.20000100002000049,0.22499312778090474,4,12647.2625
1565845348,0.2374021190215636,0.02470893581059609,0.04999937501374964,1045.8732995213181,2148.590475646487,0.7161469892002641,7.294324528963809,0.19999750005499856,0.23738461851726256,4,12966.10675
1565845377,0.2501183394277163,0.025536609896496032,0.049999750002499975,1069.250234857332,2215.2884356131726,0.7158675028260777,7.600176173025242,0.1999990000099999,0.22511833942771628,4,13010.86525
1565845408,0.2500000003125,0.02552488711648556,0.0499997500049999,1047.2113719191534,2132.360085160244,0.7147583736979372,7.331235196516451,0.1999990000199996,0.2125006252812516,4,13012.73125
1565845439,0.26250375581232205,0.02574512690529077,0.04841067401214075,1055.8385422142956,2159.453293912528,0.7186824298014096,7.385150856141657,0.19360020401581907,0.2875037558123221,3,12932.015
1565845484,0.2166558338749729,0.023273575904538102,0.04378699742506832,1047.7309467859939,2161.7752445711044,0.7155403948552572,7.581285247889898,0.1750838454840823,0.2166558338749729,3,11974.901333333333
1565845516,0.26667166733334585,0.02610725592464314,0.05000066668000027,1004.2671266773344,2041.2181326030448,0.7169553509134822,7.339147122280218,0.1500020000400008,0.2500058339583479,3,11745.329666666668
1565845553,0.25002833975157124,0.025425971489125024,0.049983348402388564,1058.3529438839619,2201.599265017223,0.7151432463254599,7.19901631459842,0.1499500452071657,0.2166866710010503,3,11249.906333333334
1565845588,0.23337593378415145,0.024353486847370983,0.05000016668833365,1024.772360902936,2080.048581734241,0.7142647443382052,7.042703078590965,0.15000050006500096,0.20003341372731945,3,11418.805333333336
1565845621,0.25001252313103506,0.025815261951276824,0.04999983333499999,1022.8125473012883,2155.1703026057216,0.7135572238686022,7.035638918041693,0.14999950000499995,0.18335835334014947,3,11556.308
1565845668,0.2833058433731318,0.0275694524030845,0.05000800368506455,1033.9450243165043,2108.935740268451,0.7153615101234371,7.2878598092558775,0.15002401105519364,0.21665250687391494,3,11546.983999999999
1565845701,0.28335833875131283,0.02718355361870656,0.05000083335500058,1021.3905851704608,2055.9672567853618,0.7173404419469565,7.0907763380216124,0.15000250006500174,0.2500241720429774,3,11562.983666666667
1565845736,0.2333083374992501,0.024737004010502082,0.049999666699999085,1046.595827017645,2183.9331488800067,0.7152113726573477,7.375918453781604,0.14999900009999725,0.21664167083258348,3,12027.364
1565845773,0.2833591729601485,0.027574413954021604,0.05000066668000027,1052.7554738102517,2128.8604615102886,0.7163593994613313,7.247447950240215,0.1500020000400008,0.2333575062101443,3,11810.697333333332
1565845809,0.25006091596354985,0.0254302249511132,0.0499990000299991,1039.500056918582,2135.176838453876,0.7165859772862019,7.070438302803527,0.1499970000899973,0.2334126028190909,3,11944.497666666668
1565845854,0.22500625031251564,0.023609014923402408,0.04497982907544228,980.4256450322516,2067.5026863843186,0.7165705477656695,7.198449922493743,0.1348853214624229,0.22500500025001247,2,10720.3475
1565845889,0.27509382036527397,0.02625437095399675,0.04005301839702216,1089.569814861146,2155.2322179134353,0.7155989795080686,7.343367942627168,0.1201073419825121,0.2250750562922192,2,10664.226999999999
1565845929,0.25007252238223365,0.02522686373182829,0.04999975000249998,1007.7275808785524,2069.746598246774,0.7198753708087626,6.8244080717308995,0.09999950000499996,0.2750737713190615,2,11049.4455
1565845964,0.22498500224966256,0.023606706796714862,0.0500020001600128,1012.646644253362,2107.0155214217866,0.7189156087036164,6.619503949397881,0.1000040003200256,0.2499812528120781,2,11054.428
1565845995,0.2000750562922192,0.02259147363452277,0.050000000005,978.9738366274704,2054.304403302477,0.7138665705822336,6.502533149856732,0.10000000001,0.17505629221916438,2,11186.8625
1565846038,0.225,0.0241943359375,0.05,1051.875,2144.8,0.7125244140625,6.90000000000623,0.1,0.15,2,11250.126
1565846102,0.2999925003749813,0.027855749546507047,0.05000025000250002,1009.3997562621868,2053.348936303185,0.71738925138704,6.439842382876427,0.10000050000500003,0.2499937503124844,2,10813.1185
1565846139,0.2999750049990002,0.027853984867089083,0.049991502889017735,1000.8269346130774,2053.0208158368328,0.7175061716172391,6.534328134372887,0.09998300577803547,0.2499750049990002,2,10900.217
1565846178,0.2509577715685477,0.024728262868028518,0.04999600039995522,967.899427652788,2015.0900792163247,0.7181703610871901,6.670743239959982,0.0999920007999104,0.22596402000643825,2,10813.1185
1565846222,0.2499562590604224,0.0246294772117702,0.0499990000399984,1003.2511445181401,2073.8118040232966,0.7206017838117932,6.60385411095853,0.0999980000799968,0.2999512595603724,2,10801.9985
1565846259,0.275,0.0268310546875,0.046866055246547085,983.6,2050.775,0.7176513671875,6.275000000010209,0.0936912797116847,0.25,1,10801.9985
1565846295,0.30004500675101264,0.02783620668100215,0.03942554055743032,994.2491373706056,2002.5003750562585,0.7162695498074712,6.16797332098799,0.07879608798900138,0.2000300045006751,1,9865.934
1565846331,0.1999500124968758,0.02255295551112222,0.0319676250099998,1022.3944013996504,2128.217945513621,0.7173499593851538,6.648337915524747,0.06388233335333293,0.1999500124968758,1,9950.305
1565846363,0.3,0.02958984375,0.05,999.3,1972.9,0.7427734375,6.1750000000029095,0.05,0.2,1,9950.305
1565846401,0.19999000049997487,0.022557465876706158,0.05,1007.649617519124,2033.2483375831207,0.7139291472926353,6.5296735163256585,0.05,0.14999250037498124,1,10129.716999999999
1565846431,0.2500125006250313,0.024610605530276514,0.0500010000200004,1007.500375018751,2091.154557727886,0.7152701385069253,6.595329766468666,0.0500010000200004,0.20001000050002501,1,9950.305
1565846464,0.3,0.02783203125,0.05,991.75,2020.15,0.722802734375,6.224999999994908,0.05,0.3,1,9950.305
1565846496,0.2500875306357225,0.024617991296953936,0.05,1013.5547441604564,2103.8863602260794,0.7190993410193568,6.592307307561287,0.05,0.2500875306357225,1,9950.305
1565846529,0.2,0.02255859375,0.05000000000000001,1007.0,2101.05,0.716943359375,6.825000000008004,0.05,0.2,1,9874.08
1565846573,0.3000300030003,0.029592803030303032,0.0499970001799892,1081.4581458145817,2182.068206820682,0.7474380250525052,7.040704070388131,0.0499970001799892,0.25002500250025,1,10227.51
1565846604,0.2496754219514631,0.02574777788874464,0.05,1016.4286427644064,2085.8883451513034,0.7169878376860082,6.746229901113992,0.05,0.1997403375611705,1,10227.51
1565846637,0.20004000800160032,0.022563106371274257,0.05,957.3414682936587,2002.650530106021,0.7176728314412884,6.631326265243588,0.05,0.20004000800160032,3,10558.853
1565846670,0.3,0.02783203125,0.0500030001800108,1059.2,2115.95,0.719384765625,6.850000000013098,0.0500030001800108,0.25,3,11359.628999999999
1565846702,0.3001801080648389,0.02784874049429658,0.05,1021.6129677806683,2114.568741244747,0.7190837940264159,6.869121472893922,0.05,0.25015009005403244,3,11731.854
1565846750,0.3,0.02783203125,0.05,978.15,2022.4,0.718115234375,6.774999999997817,0.05,0.25,3,11906.783000000001
1565846787,0.3000150007500375,0.02783342292114606,0.04999750012499375,1004.5002250112508,2074.2037101855094,0.7181511419320966,6.570328516419266,0.04999750012499375,0.2500125006250313,3,12722.994
1565846864,0.2000200020002,0.022560849834983496,0.03761139520938135,1060.9060906090608,2179.317931793179,0.7147687424992499,7.015701570169398,0.07529858080421095,0.15001500150015,3,17554.41
1565846898,0.27495626093476633,0.026241376667551858,0.044260437385979456,2013.6280742314425,3762.0251874531373,0.7083110203894338,38.44128655336496,0.08857671492345567,0.1999750062484379,3,13015.7185
1565846980,0.233316670832292,0.02434707485238065,0.03888594749899595,1025.132637673915,2081.0089394318093,0.7120015650384278,8.499443889033069,0.1167124258303212,0.21665000416562527,3,14599.945333333333
1565847011,0.2333416682501208,0.024350001801527587,0.043642777777777766,1030.4513302187677,2103.1398050059493,0.7129907385511001,6.895356802307688,0.13097958333333334,0.2333391681251021,3,14116.808333333334
1565847044,0.2333133355830333,0.02434691917054316,0.04819134174205352,1038.7481192522052,2143.8745231829707,0.7125221882978511,6.632797057517233,0.14463069075951654,0.21664916854142294,3,14300.837666666665
1565847078,0.2166350089970593,0.023271281115676282,0.04999883341499428,1036.68618811125,2147.261658126352,0.7138418706420886,7.072186764131137,0.14999650024498284,0.2332975108713617,3,13887.773000000001
1565847119,0.2833266697497459,0.027180456838152702,0.0500010000600036,1034.0843296168678,2113.3870868329645,0.71379022091529,6.809916906759535,0.1500030001800108,0.2333275025414521,3,13366.254333333332
1565847154,0.29968064908224185,0.028227282383269863,0.05000133337000103,1013.9880453735319,2135.6611663426543,0.7133414502361265,6.928568876392998,0.1500040001100031,0.2330904877697627,3,12611.733999999999
1565847187,0.2666858407923898,0.025717954010282675,0.05000016666833335,1034.337000848431,2155.715186699356,0.7146141437670676,6.735465272981088,0.15000050000500004,0.2500166737506669,3,12490.387666666667
1565847218,0.23332916770826045,0.02395792246601657,0.04999983333499999,1013.7161341830382,2103.711987158869,0.7130089922239949,6.759898360922363,0.14999950000499995,0.2166625010415938,5,12515.966333333332
1565847248,0.23334583520861465,0.023959566428453854,0.0499996666733332,1041.1025553833076,2154.4084112616893,0.7119983402783855,7.08700971812102,0.1499990000199996,0.20001000150022505,5,12442.876333333335
1565847287,0.2333475017085688,0.02435051695506389,0.04999750037494377,1036.684096573559,2138.0067897611934,0.7131335354103792,7.027138391478222,0.1499925011248313,0.21667833466684586,5,12321.179666666665
1565847320,0.2501318551150725,0.0250456533624251,0.04999983333499999,1030.848328787978,2130.176190535929,0.7125530264774764,6.791673478813128,0.14999950000499995,0.200106817558738,5,12380.546
1565847355,0.2999600204909041,0.02786087511068772,0.049999666699999064,1067.4612628783937,2156.7187823725567,0.7160336330884703,7.054127365563724,0.1499990000999972,0.2666333504090868,5,12457.312666666667
1565847389,0.2333683470894236,0.024352808350011232,0.05000250037505625,1048.9905109432268,2153.6544518585793,0.7112522120860225,7.059386087270899,0.15000750112516875,0.18336668033941936,5,12618.392
1565847427,0.2833908804935035,0.02679606910324113,0.049988836763904435,1051.0571561864738,2099.04220662497,0.7150429013702144,7.170288970127047,0.14996651029171332,0.2500583804518389,5,12338.739
1565847479,0.26644610818808234,0.026085195387870568,0.0499935008682147,1054.1550175688474,2162.172618148573,0.7114329689738925,7.009399406156216,0.1499805026046441,0.1998368732304525,5,12382.898666666664
1565847513,0.2875313108653729,0.026773231698362446,0.05000000000000001,1475.9962880886285,2731.709267423388,0.7116590143438651,22.692961508765787,0.15000000000000002,0.2375494462824972,5,12490.387666666667
1565847593,0.2600235428255505,0.02552938640943798,0.03408455145985838,1096.435934072392,2208.4787235582216,0.7126794497106484,9.925114198831585,0.1705544009323537,0.2400105387236496,5,22727.0556
1565847625,0.2599685879423336,0.02587560467423191,0.03932954686196116,1097.0221232486176,2238.6197091013987,0.7173005806748155,8.569401093536584,0.19675349234049389,0.2399650807137514,5,13455.411800000002
1565847666,0.2700195027754688,0.02640810329557796,0.0461745745711196,1062.970339901521,2181.1767658870003,0.714151665720447,7.1084777707699,0.2309778708869218,0.25001700240039504,5,14003.5822
1565847696,0.2399565415942033,0.02470293994706033,0.050000700049003435,1076.5857744925602,2206.8035393118253,0.7151065996431263,7.413884067647947,0.2500035002450172,0.25994804861404125,5,14055.506600000002
1565847728,0.2400525271427691,0.02471255718868736,0.05001100605533263,1033.7686985979667,2132.444919177876,0.7137675541832653,7.09367574179644,0.25005503027666315,0.2300495267426866,5,13968.6094
1565847762,0.2399790123433512,0.02470459904846704,0.05000050001700065,1069.4833820287652,2183.003399445828,0.7157610425910803,7.395282753584388,0.25000250008500324,0.2699680183900255,5,13944.386800000002
1565847796,0.2599750102454396,0.025759246614614532,0.050000100001,1034.9403793063382,2126.999040957817,0.7129852680574453,7.354315926014057,0.2500005000050001,0.2299805081713529,5,13771.118999999999
1565847837,0.2699920146514068,0.02663998973810188,0.04999870012498662,1034.6713653694494,2141.7649524726394,0.7129830362394932,7.296904913683525,0.2499935006249331,0.21998851032543,6,13856.7274
1565847869,0.2800015009250412,0.027285337495292404,0.049998100454940006,1077.4874701091917,2186.3649823151873,0.7142456319043502,7.479047924746933,0.24999050227470004,0.24000350082504626,6,13882.3272
1565847900,0.27999100644852304,0.027284370755669668,0.04999950001699936,1042.8438243935727,2166.037324019958,0.7114603151411437,7.266848113946731,0.2499975000849968,0.1999945043740266,6,13550.2916
1565847939,0.23997203896618266,0.02470363862491145,0.049999900151003286,1071.5076509204578,2209.969402728958,0.7136939068275526,7.364939967726007,0.2499995007550165,0.22997003856610265,6,13355.725
1565847976,0.2800340152075137,0.027053914009560538,0.050001200070005226,1093.5322029860874,2248.5070003627748,0.7144046639636082,7.744831831512013,0.2500060003500261,0.2400275126312593,6,12937.7756
1565848033,0.2698445161672489,0.026156525527969043,0.04999680045393591,1102.2398462983697,2246.4351552317835,0.7137873605241322,7.882230828923078,0.2499840022696795,0.2398445151171739,6,12749.990200000002
1565848067,0.2701522156969921,0.02665534240512784,0.049997401441499036,1061.8951523070496,2191.100938311277,0.7120372178351568,7.69592554470309,0.24998700720749525,0.19010515243933174,6,12762.5714
1565848143,0.2583520907318709,0.02557971470875443,0.04420820885507538,1073.8560899189783,2185.629680266699,0.7147673913864296,9.401282676953294,0.2653109197971191,0.27501625610633945,6,13719.917833333333
1565848175,0.3166650009166937,0.029337486662254823,0.04644380670014457,1065.1089440131188,2172.866743950068,0.7136556204549428,8.0666353182261,0.27873284020086736,0.24166583400001665,6,13598.21766666667
1565848217,0.2333279198543157,0.02435643182016336,0.04940052218395278,1043.5382125048943,2160.898906149844,0.7135507168907885,7.511396807409673,0.2964456305538697,0.2333266693751084,6,12889.686666666665
1565848253,0.27501291902124075,0.0264579046795219,0.05000083340833942,1059.4795398928854,2173.679968491024,0.7146211409031061,7.917020521082172,0.3000050004500365,0.2500100019586709,6,12837.899
1565848284,0.24164250728948197,0.024696555884064445,0.04999933335999893,1067.1118090742814,2172.4970456308315,0.7150466357970072,7.858524486498897,0.2999960001599936,0.2499779229356704,6,13022.989333333335
1565848322,0.2499845955553158,0.02523419083113761,0.04999966670499842,1069.930663175007,2197.3616706584053,0.7135068466386589,8.224277353266139,0.2999980002299905,0.23331709551364704,6,13020.294833333333
1565848352,0.2666462568514917,0.026503487412476143,0.049996168594079064,1100.5298732476078,2238.9473488475714,0.7136368205756477,7.966098059470607,0.2999770115644744,0.21664709014316044,6,12824.053333333335
1565848401,0.2583479194798283,0.025579257684045616,0.048312491100165236,1091.0085533975791,2220.592758002283,0.7146576757095798,8.002992090870052,0.2897803620853517,0.2416829199799575,5,12752.865
1565848435,0.2799945002749863,0.02681588088564322,0.04593883955405535,1085.4086360681963,2220.446671166442,0.7154029258795718,7.850781343242898,0.2754596996575571,0.23999600039999,5,12897.3748
1565848469,0.2500095020252338,0.025586806829024745,0.049999500080997315,1092.3842979050619,2228.2195313951474,0.7158611032666421,7.668507207748492,0.24999750040498656,0.24000600140013506,5,13021.488
1565848501,0.2800150026003375,0.027521068135069,0.05000010013499623,1064.8428835752188,2163.899303652311,0.7148769793336581,7.3444235724966465,0.25000050067498114,0.23001350227530384,5,12956.1106
1565848534,0.2599531339503562,0.02622550417213456,0.04999690056488626,1071.901569061121,2184.4123358962947,0.7120995895676687,7.8367133890589,0.2499845028244313,0.1899815766546108,5,13096.8172
1565848580,0.2698773725992859,0.026629930919759938,0.04999970012899134,1064.0649735350748,2195.734392937732,0.7141680674438818,7.61547959566647,0.2499985006449567,0.22989832917572225,5,13063.8534
1565848620,0.26002471452451803,0.025999788527382068,0.04999970000299997,1066.6927551098486,2182.457335541607,0.7159864608717171,7.432290958204831,0.24999850001499985,0.2500597272882986,5,13430.0818
1565848657,0.3001146549581489,0.028583812272340213,0.04999970026899235,1050.570428504628,2182.69723531213,0.7163161643268721,7.735550066846645,0.2499985013449617,0.2500620945165693,5,13256.669
1565848689,0.2900756207614778,0.02770275409715255,0.050013711507982485,1087.91124619556,2218.371133027833,0.7162973046552967,7.576898377752202,0.2500685575399124,0.2500600966491812,5,13363.3388
1565848719,0.2399990006500275,0.02447260407434408,0.04999810105270975,1065.4637568910632,2198.756797445906,0.7143554205958342,7.79999722426013,0.24999050526354874,0.23000000060003,5,13268.7212
1565848760,0.2800210039506526,0.026818345576792302,0.050001800170016736,1065.3844272962124,2203.465856797975,0.7174329225360602,8.213525353746046,0.2500090008500837,0.2800180034505626,5,13185.453000000001
1565848793,0.2800190027504676,0.02705265115529663,0.0499997750550607,1071.9761170419968,2213.9453985721325,0.7161144523278425,7.8685487820163615,0.2499988752753035,0.2600170026004551,3,13112.034000000005
1565848827,0.2624644046395222,0.026490873682727,0.04355700960022657,1039.77720741084,2128.35472656377,0.7171721152156136,7.665238970743427,0.21768171811187087,0.2499483623149536,3,12275.360333333336
1565848860,0.3000458585555389,0.02865056249687328,0.038093184262290684,1025.860382376974,2086.35185101806,0.7159836331206121,7.501098142936843,0.1903767657878344,0.2333608484666567,3,12275.360333333336
1565848933,0.2500083345834167,0.025033353802620475,0.04999183802918716,1066.1988710552112,2127.3508764409894,0.7153070283032971,8.238488704177357,0.1499755140875615,0.2333416677500708,3,12197.438333333335
1565848966,0.2500291718759481,0.025426109734184868,0.04999950002833228,1026.1504542081261,2107.1426141525085,0.7148620730168357,7.622458475299298,0.14999850008499685,0.21669083779250226,3,11621.539333333334
1565849002,0.2835336914596795,0.02719943895058096,0.04999866677665813,1006.4192331173576,2093.33688403108,0.7171207410889707,6.956061962743287,0.1499960003299744,0.2501135380245763,3,11639.361333333334
1565849040,0.2333458343750937,0.024350229598805208,0.05001033815249475,1040.8018059773874,2091.5383587532046,0.7143912472810702,7.670425036524218,0.15003101445748426,0.20001083420841045,3,11658.329666666668
1565849077,0.26664667233203365,0.026495277275418973,0.0500005000283344,1024.9830306018646,2083.332688290728,0.7121643152807712,7.382747482757003,0.15000150008500318,0.1666550034158877,3,11607.49
1565849123,0.2499875018747188,0.02503132179912597,0.05000150013501215,1018.1821635088072,2066.9806987285237,0.7131315345015956,7.1129851355620275,0.15000450040503646,0.19999000149977506,3,11540.094333333333
1565849160,0.2499167307821659,0.025415384369561117,0.04998800630621252,1049.8160401312468,2164.8933952043412,0.7159423714676514,7.0014296067864334,0.1499640189186375,0.23326338679069245,3,11542.636333333336
1565849200,0.2667237683214617,0.026506400737456536,0.04997071762083311,1045.9814918175482,2099.8503878119027,0.7176669008531554,7.0860746347403705,0.14991215286249931,0.2500378267410463,3,11431.539333333332
1565849242,0.2838584364859273,0.027232791067398395,0.04150672118620042,1032.1729120995576,2119.3686095453795,0.7172193657276029,7.890790364063674,0.1244426415878178,0.23375108275538525,1,10350.464
1565849278,0.24998750062496874,0.02460814459277036,0.031571740461047375,1000.7499625018747,2013.3493325333727,0.7190070183990799,7.579599200600067,0.0946368419792514,0.24998750062496874,1,10440.518
1565849319,0.39998000099995,0.034275629968501566,0.05,983.450827458627,1996.7501624918752,0.7191046697665117,6.6546672666454025,0.05,0.24998750062496874,1,10440.518
1565849352,0.20001000050002501,0.02255972173608681,0.0500010000200004,1053.1526576328818,2110.005500275013,0.7140982049102456,6.770338516905468,0.0500010000200004,0.15000750037501875,1,10440.518
1565849383,0.25,0.02578125,0.050003500245017145,1007.2,2000.55,0.714306640625,6.474999999991269,0.050003500245017145,0.15,1,10529.969
1565849416,0.2,0.02255859375,0.05,1015.75,2047.5,0.71669921875,6.599999999998545,0.05,0.2,1,10440.518
1565849450,0.25,0.024609375,0.05,930.55,1867.15,0.725537109375,6.3249999999970905,0.05,0.35,1,11001.28
1565849497,0.25,0.02578125,0.0499990000199996,952.95,2023.1,0.717919921875,6.525000000001441,0.0499990000199996,0.2,1,11216.235
1565849532,0.24997500249975005,0.024606914308569143,0.0499990000199996,1037.6462353764623,2120.6879312068795,0.7171157884211579,6.409359064087767,0.0499990000199996,0.19998000199980004,1,11510.944
1565849564,0.30045067601402103,0.027873842013019533,0.05,1004.4066099148724,2085.778668002003,0.7206121682523786,6.584877315961562,0.05,0.25037556334501754,1,12043.442
1565849597,0.25,0.024609375,0.0500010000200004,1028.6,2105.35,0.716259765625,8.525000000008731,0.05000100002000042,0.2,1,12043.442
1565849629,0.2,0.02255859375,0.05000100002000042,1027.05,2034.15,0.71435546875,6.700000000000728,0.0500010000200004,0.15,1,12192.307
1565849670,0.20019018067163805,0.022580044792552927,0.05,1037.4355637855963,2160.9028577148288,0.7180160996696862,6.761423352179492,0.05,0.20019018067163805,3,12997.486
1565849707,0.20001000050002501,0.02255972173608681,0.0500020000800032,1036.7518375918796,2120.406020301016,0.7146841717085854,7.47037351867084,0.0500020000800032,0.15000750037501875,3,12710.947
1565849741,0.25,0.02578125,0.04996352662556335,1054.5,2128.35,0.717578125,7.199999999993452,0.04996352662556335,0.2,3,12710.947
1565849778,0.2500375056258439,0.02578511776766515,0.05,958.1437215582338,2024.1536230434565,0.7204205630844627,7.536130419554938,0.05,0.2500375056258439,3,12550.335
1565849820,0.3500175008750438,0.03222817390869544,0.05,1042.9021451072554,2169.5084754237714,0.7203973479923996,7.745387269359824,0.05,0.2500125006250313,3,12550.335
1565849882,0.4231851357365475,0.03227415066075238,0.05,1002.8788460975417,2033.820743841548,0.7126919757991491,6.781277131773756,0.05,0.27414643535401484,3,12550.335
1565849917,0.2749787518123344,0.025657229168197997,0.05,1722.9767536220734,3298.6450654969512,0.7152784846802025,26.66750336615903,0.05,0.2749787518123344,3,12710.947
1565849985,0.2499541909439273,0.02541813994421342,0.028461624280066582,1051.3644159058952,2098.3847189153307,0.711027375368516,15.886110202370418,0.08556652361245222,0.2332800301486692,3,13555.192
1565850021,0.2500258363753897,0.025425754695147417,0.0385999315474734,1025.670423804641,2100.8952880414095,0.7138733864067085,6.9323597465275375,0.1160464458937305,0.23335750287537296,3,13502.142666666667
1565850080,0.27083902262030723,0.02656848651376164,0.049998500254971656,1009.4042231226796,2093.5802884287978,0.7279863236553606,7.0179524399047,0.14999550076491494,0.2382378404230477,3,13309.475666666665
1565850123,0.2831513803316421,0.02716187448135975,0.04998650614499789,1009.0473425926283,2097.0006648818,0.7166549781751818,7.0613129575894495,0.14995951843499367,0.2831480459980504,3,12696.502666666667
1565850161,0.2833333333333334,0.02679036458333333,0.05000000001333333,1051.6666666666667,2118.616666666667,0.7153483072916668,7.300000000000466,0.15000000004,0.26666666666666666,3,12762.753333333336
1565850194,0.2333291668749896,0.024348527853555242,0.049999333349999536,1005.7327666949986,2084.063620985617,0.711023320090506,7.70986367348011,0.1499980000499986,0.18333000016665835,3,12690.791333333334
1565850231,0.25,0.0246337890625,0.04670767472327423,1048.525,2133.375,0.716259765625,7.893197006814313,0.14005801116722222,0.25,2,11993.4195
1565850274,0.2749750049990002,0.02463193900039121,0.040731090266159536,980.776357104198,1989.602298301277,0.7144977421516234,7.622819445752294,0.12214243873594688,0.2249862543117158,2,12269.077
1565850318,0.27495250837349405,0.026240565991248584,0.05000025000250002,1572.036456329191,2543.26848973054,0.7192589091907347,36.39849868350114,0.10000050000500003,0.2999487589359097,2,12269.077
1565850357,0.30000750187513125,0.027271143966991568,0.05,1862.4605185882322,3689.811826540386,0.7184752938121451,29.587444645178962,0.1,0.2750087518126344,2,12403.162
1565850394,0.3003471641545579,0.02789060041520764,0.0500010000400016,995.8540880518408,2040.467367296972,0.7189280684140995,8.498560268437359,0.1000020000800032,0.2753459140920548,2,12269.077
1565850441,0.2747864330180061,0.026224547795647486,0.04998700342408635,959.047673622173,1963.7918302318471,0.7196865405060568,7.036905262759178,0.0999740068481727,0.2997477305268427,2,12530.508999999998
1565850479,0.2768742264186207,0.026419335049738844,0.05000025000250002,1004.3728975959784,2066.9834164989607,0.7275000670878689,7.227014433643313,0.10000050000500003,0.3521880558946445,2,12624.6365
1565850509,0.275012501250125,0.02683234632056956,0.05,994.3999474947497,1979.149229922992,0.7170033604922992,6.970353285328585,0.1,0.2500100010001,2,12698.0865
1565850543,0.22498875056247186,0.02360721807659617,0.05001350372604925,1012.4493775311232,2069.021548922554,0.7176398992550372,7.542122893844612,0.1000270074520985,0.24998750062496874,2,12698.0865
1565850580,0.225008752562822,0.02419538236618636,0.05,1027.0752214752117,2099.478602356325,0.7168084525787429,6.857813207760216,0.1,0.225008752562822,2,12537.315
1565850621,0.2499550202408916,0.02521464218055,0.05,1017.4539132390423,2111.0335711429857,0.7174903361358482,7.145898720579067,0.1,0.2499437753011145,2,12517.6355
1565850658,0.2750450135040512,0.026835238071421425,0.05000025000250002,1032.429321296389,2158.7944083224966,0.7163181083231219,8.686270881261438,0.10000050000500003,0.225037511253376,4,12453.931
1565850697,0.3250862858284728,0.03006143751307732,0.05000225020251823,997.8023812400667,2074.65360387223,0.7158518526907724,7.376895531792933,0.10000450040503646,0.22505127057163224,4,12381.0785
1565850729,0.22500625031251564,0.023609014923402408,0.0500010000400016,1019.099597479874,2131.801547577379,0.7152033761356037,7.047670508529954,0.1000020000800032,0.22500625031251564,4,11660.057
1565850761,0.27500750037501875,0.0262458142438372,0.05,1022.7003962698137,2096.952310115506,0.7151544894139239,7.447693634682344,0.1,0.22500500025001247,4,11247.498
1565850804,0.2999587573110846,0.02843863224505241,0.0499995000099998,1020.6214269370514,2033.6451383789536,0.7156817682019131,10.211093749447826,0.0999990000199996,0.2249700052489877,4,11810.9055
1565850841,0.3000150037504876,0.02785783604136604,0.05,1011.4757164077088,2051.851092998183,0.7200561516405852,7.557823214002035,0.1,0.3000200042505751,4,11830.585
1565850875,0.3000487726948808,0.02786064899870052,0.05000125003250088,1037.0752426082856,2100.8069577676856,0.7171800879455552,7.325801331733422,0.10000250006500176,0.2500312665677363,4,11579.2275
1565850912,0.21667666750007505,0.023275869234790376,0.04999350168956071,1320.6993974163654,2480.784620882876,0.7072132744432186,21.070351279008886,0.09998700337912143,0.15000750062505627,4,11250.8305
1565850951,0.21665833449991667,0.02327391694925121,0.049994500649918616,1506.4261328556147,3034.5026390670673,0.7112069086642737,30.868580844016535,0.09998900129983723,0.1833258342915979,4,11059.907
1565851003,0.2671759997297751,0.02615404012576507,0.04999650048993141,1048.2310130862256,2129.212313571385,0.713979409338627,7.1523786394633655,0.09999300097986284,0.2003384443198473,4,11250.8305
1565851040,0.26667500083341666,0.026107592855639728,0.049992252401755456,1021.9361802846953,2117.9241724172416,0.7137488694096165,7.165130756533131,0.09998450480351093,0.21667083354167707,4,11202.395
1565851076,0.2999650712342617,0.028251700303237683,0.0499897544106486,1050.5002091623874,2182.389102262598,0.7171056904234079,7.785888477130607,0.0999795088212972,0.2666417203245257,4,11393.3185
1565851142,0.2500369026724019,0.025528198994572524,0.035949284993486035,1088.0319882419606,2217.007518887673,0.7138498326728755,7.6209401912561,0.14390213866147694,0.2375287732634393,4,14784.16675
1565851185,0.2124843792804612,0.023399142327913826,0.044884458331663483,1046.956097151876,2113.362418455677,0.7150471776169868,7.5569217874921755,0.1796869992474947,0.2374875044367471,4,14980.376
1565851217,0.2625150048760221,0.0263320683553257,0.0497565000075001,1049.283236647933,2118.4658214213778,0.7150709885074551,7.150486016917579,0.19907933336333367,0.23751062896956426,4,14833.72325
1565851251,0.2875062556876096,0.02764943538068361,0.0500002500075001,1015.4615427376816,2090.696698000595,0.7133390038950408,7.1925768390579545,0.2000010000300004,0.2125000036249064,4,14611.596000000001
1565851291,0.2625268845344683,0.02574710904125364,0.05000112512626248,1007.8691146819417,2106.3008380041933,0.7157614841788784,6.954291389055086,0.20000450050504992,0.2500306360350029,4,13890.028
1565851325,0.27498937628107345,0.02654913710544891,0.050000000010000004,1090.6808127779634,2222.9357451033675,0.7181285011362517,7.410856925552228,0.20000000004000001,0.2874900010623625,4,13602.00775
1565851367,0.3000400108159387,0.028458356725662524,0.0499997500074999,1073.093285348288,2173.3372305217154,0.7128671828543063,7.399705316639937,0.1999990000299996,0.2125375106909324,6,13646.27525
1565851399,0.3249693857149997,0.029477264134310805,0.05000012501125002,1055.0330478082672,2160.222162243215,0.7150982086689581,7.408171827358707,0.20000000005,0.24997813265357124,6,13696.29075
1565851437,0.2624937525623157,0.026036921633831842,0.0500000000625,1066.8830394181057,2157.739398448028,0.7116278809885093,7.608503569999528,0.20000000025,0.18749562671862646,6,13360.7105
1565851476,0.299975009810713,0.02815952300548868,0.05000012500875009,1068.5017725784992,2187.3577822804086,0.7201204972262489,7.962102997139045,0.2000005000350004,0.3249743855919052,6,13331.27
1565851509,0.2625337605031792,0.026334091048576758,0.05000037500625011,1041.3006172829712,2127.2698292879604,0.710986374968993,8.412244243508178,0.20000150002500044,0.1750193813456553,6,13262.75175
1565851562,0.26299835664155674,0.02580024882024863,0.049957942978223285,1062.367731614911,2151.346815278152,0.7167789924850075,8.067339966689541,0.19983177191289314,0.23799085132562325,6,13297.31675
1565851605,0.2374837832500148,0.024425013882170096,0.04999450108728282,1068.9962179042668,2218.371704847788,0.7146695229879714,9.234813337690497,0.19997800434913127,0.2374837832500148,6,13205.6025
1565851645,0.32484327674335145,0.02975872643668812,0.049999500047498674,1026.4858735366158,2140.6522707247645,0.7124421757381181,8.630335514664573,0.1999980001899947,0.21239010863308425,6,12915.70475
1565851681,0.2376828829857548,0.024444428660767795,0.05003793524752157,1071.8091795849148,2206.1229598506447,0.7153485425665007,8.614641467309326,0.20015174099008626,0.2377129581700313,6,12347.34925
1565851733,0.2374831329035837,0.025010512293608917,0.049999625026249286,1054.1100939296539,2122.59742671669,0.7151197928019449,7.963019353454619,0.1999985001049972,0.2249800077473259,6,12482.931
1565851766,0.3166358563197589,0.029139214861659917,0.03751647860162835,1090.075178097742,2216.3719383376933,0.7108601342787711,8.322454656110759,0.2252072022349055,0.2333066856969929,6,16809.382333333335
1565851801,0.2999870901030597,0.02826197657760404,0.042370416211110935,1105.2996722813023,2234.8598533168397,0.7150379731012064,7.834586821492972,0.25440665779485266,0.2666508403737358,6,16882.42666666667
1565851835,0.3000058363754147,0.028459177114558996,0.047143608806662025,1100.6529666173037,2199.706872782822,0.7133176355530209,7.977664575413552,0.2829933180254057,0.23333833595868345,6,15179.461
1565851873,0.3000045966020734,0.028068429774257667,0.05000000000166666,1080.1943642532299,2187.10143412932,0.7161031512354487,7.740969138304346,0.30000000001,0.27500376101903146,6,14673.809166666664
1565851916,0.2833960956926497,0.02719657476742044,0.04999741763883947,1076.0134500464835,2198.1456282830204,0.7143470021945046,7.751772733488227,0.2999845058330368,0.2417394189078841,6,14472.005666666664
1565851950,0.28334211978443896,0.02738579623820218,0.05000108338917008,1061.763744482724,2149.38302765068,0.7130635664355801,7.792158803498535,0.3000065003350205,0.2250071063206768,6,14440.178333333335
1565851983,0.2749913548267616,0.02684691846196861,0.0488621451249046,1076.0590251795165,2187.117538734522,0.7163813159861282,7.841525311688957,0.2931245392285263,0.2749942699324156,5,14408.929499999998
1565852019,0.2299495304042932,0.02405767618408361,0.04642475217090092,1079.7278411789266,2167.7574301184877,0.7136702302542878,7.944514435443739,0.2784651859416035,0.21995552570768825,5,13729.5478
1565852049,0.3000185375867832,0.028341909995023,0.04432212158096749,1073.4443981382558,2169.7757449299725,0.7148810029253737,7.557611250620267,0.2656548683913572,0.2400080323583196,5,13718.1934
1565852095,0.2699825029245663,0.0266388425923604,0.05000030002900117,1074.653427335018,2190.7441402105883,0.7147251520396681,7.5214453446323395,0.2500015001450059,0.2299825029745138,5,13788.7654
1565852129,0.2900240025003075,0.02769757689238657,0.049999300044997835,1066.2947733872347,2161.8316749705914,0.7176745819126451,7.5525950081000595,0.2499965002249892,0.28002100200023256,5,13922.0972
1565852169,0.25019741801100553,0.02513582368209256,0.049999700006999916,1092.6384163424657,2215.8815558900988,0.7158586711015935,7.731641213296317,0.24999850003499954,0.2501758537699353,5,13774.793800000005
1565852212,0.27985819801903783,0.02727148866849496,0.04998021631445471,1087.1000323111452,2196.2413994237345,0.7151076467057829,7.569091711302823,0.2499010815722736,0.2198836582105229,5,13652.1548
1565852248,0.3299755148686941,0.030271261575245283,0.04999480120977488,1067.2116702439896,2148.94550473684,0.7122939970164811,7.261409584059351,0.2499740060488744,0.19998600849639664,5,13566.319400000002
1565852302,0.2698243094722007,0.02662335416867841,0.050004006011436,1072.6525684156245,2142.0871302982778,0.714898076036369,7.464684520586108,0.25002003005718,0.23989054156534986,5,13581.623200000002
1565852333,0.2804234476803803,0.0273262798702893,0.05000110006900521,1054.5187365436825,2132.080875922437,0.7158090952721354,8.403079332549797,0.25000550034502605,0.2302854656786948,5,13303.604
1565852367,0.2700220110045121,0.026642895173928385,0.04848389230560953,1063.6491646105285,2162.5068826790725,0.7144296570957458,7.681779505966205,0.2423498755852415,0.2200235107795308,3,13248.386200000004
1565852405,0.26632136181979643,0.02607272221025338,0.042003419689794784,1054.6800009235133,2159.0957692956613,0.7150011548394036,7.828296921941512,0.2099337678932332,0.2330560895058346,3,11832.345
1565852440,0.2499733424973092,0.02581127937176961,0.042165248096952775,1037.8494261300425,2135.564209037371,0.7131888502369012,7.476747578380464,0.16859850176140506,0.1833166728315422,3,11937.234666666667
1565852486,0.2166791697088647,0.023666815119851702,0.05000000000000001,1018.9058437618824,2082.5265007482158,0.7137198252174922,6.860452772332853,0.15000000000000002,0.18334750295886884,3,12094.079333333335
1565852525,0.2500008337916688,0.025423211307780042,0.05000000000000001,1055.8659992594569,2160.030596934493,0.7164551899893393,7.3166531787529685,0.15000000000000002,0.2333350003333375,3,12094.079333333335
1565852561,0.25,0.02542317708333333,0.049998500134987856,1022.5333333333333,2083.616666666667,0.7164876302083333,6.824999999999287,0.14999550040496354,0.2333333333333333,3,12120.714666666667
1565852599,0.25,0.025813802083333337,0.050002000150012604,1022.9666666666667,2105.733333333333,0.7133626302083332,7.0499999999928304,0.1500060004500378,0.18333333333333326,3,12207.709333333332
1565852637,0.2666875035423439,0.025718197777125588,0.05000000000000001,1032.4874923532134,2127.4314784282924,0.7199002746386999,7.108947022159783,0.15000000000000002,0.30001916962554803,3,12197.500666666667
1565852680,0.2666766701666417,0.02688883011547251,0.050001833455008984,1018.5839817520135,2110.29887068375,0.7171148789782851,7.161404751165741,0.15000550036502694,0.2499958360415313,3,12332.461666666668
1565852714,0.2499941683747855,0.025813104845638136,0.05000000000000001,1030.2200365122071,2117.967063260718,0.7151292369072264,6.861457972868777,0.15000000000000002,0.2166633346665084,3,12443.162666666667
1565852750,0.25001416837523543,0.025424735705063897,0.04999983333499999,1044.484458482855,2092.2674600241658,0.7170560891217233,6.893785473084189,0.14999950000499995,0.25001166800017915,3,12421.63066666667
1565852791,0.21664371459898232,0.02366519480298841,0.04711372222075691,1026.9538650055051,2116.4529980462553,0.7154243311042866,7.161914088688188,0.14117961913690402,0.2168219155316957,2,11774.458
1565852850,0.2002657312236163,0.02261304652253036,0.03893672095647247,1024.3824430156212,2045.509973824481,0.7174014805480428,7.320143801596513,0.11677277130495435,0.22526448128611315,2,11916.3905
1565852887,0.32495501349595124,0.02946359988487829,0.0500015000900054,995.1761396581026,2037.6152079376184,0.7188857527312119,6.988938318512886,0.1000030001800108,0.2749550134959512,2,11914.6585
1565852919,0.22498750124987504,0.024193044562731227,0.05000025000250002,1016.3731501849817,2041.3439906009398,0.7151987486798195,7.167119538049057,0.10000050000500003,0.1999900009999,2,11632.091
1565852952,0.2750137506875344,0.02683239630731537,0.050000500010000205,995.174758737937,2053.627681384069,0.7146597564253213,6.882844142199419,0.1000010000200004,0.20001000050002501,2,11304.8325
1565852988,0.225,0.0236083984375,0.04999975000249998,1071.05,2148.375,0.7124267578125,7.350000000001272,0.09999950000499996,0.175,2,11155.608999999999
1565853031,0.225,0.0236083984375,0.0500010001450079,1047.7,2078.8,0.71953125,7.087500000000659,0.1000020002900158,0.275,2,11043.6455
1565853065,0.3000062503125156,0.027857061798402426,0.05000025000250002,1012.7505500275014,2120.179352717636,0.7139338009380938,7.272687384368851,0.10000050000500003,0.2000050002500125,2,11043.6455
1565853103,0.22500500025001247,0.023608962430543404,0.05000025000250002,1058.6262538126907,2151.228686434322,0.7137141464006794,7.4601848842524925,0.10000050000500003,0.17500375018750938,2,10988.778
1565853139,0.22499875056249688,0.02360834600628649,0.05000125004250162,1012.0268612800672,2027.30387506826,0.7160400713701783,6.675006016688832,0.10000250008500323,0.22499875056249688,2,11192.868999999999
1565853171,0.225,0.0241943359375,0.0500005000100002,1014.075,2057.05,0.7151611328125,6.962500000007026,0.1000010000200004,0.2,2,11159.717
1565853214,0.2498314775053677,0.025203104714884902,0.05000025000250002,1017.4533280071904,2077.3425338293305,0.7139730992066959,6.762892594997481,0.10000050000500003,0.1998651820042942,4,10802.47
1565853248,0.2751153349517101,0.02684208453712527,0.050002500250025006,1070.0409928340803,2151.164506029377,0.7160748741382428,7.082396375504737,0.10000500050005,0.2250477437035251,4,11012.0785
1565853281,0.275,0.0274169921875,0.04999925002249933,1042.3000000000004,2091.75,0.7217529296875,6.762500000006063,0.09999850004499866,0.3,4,10978.9265
1565853314,0.1999700044993251,0.022579620869369592,0.05,968.4547317902317,2015.1977203419488,0.7163964467829825,6.364045393184121,0.1,0.2249662550617408,4,11174.5915
1565853350,0.3000475082515253,0.028446782977676395,0.04994811002896039,987.6494450805353,2065.8123323834684,0.7131440412541831,7.086066428204652,0.09989622005792076,0.17502750475087514,4,11312.569
1565853401,0.2249575114966135,0.024189898651139248,0.05000050002500065,996.9715337586116,2026.1142533696066,0.7155732690909691,6.578848804241474,0.1000010000500013,0.1999650092472883,4,11924.4555
1565853443,0.22528043599696124,0.024223831955141568,0.05,962.7070422192436,1978.5161128843265,0.7191524713956613,6.877849512289847,0.1,0.25026286998422165,4,12338.9755
1565853489,0.2752178158329578,0.02685126221106542,0.04999700049993161,980.4250237844876,2001.5831192729456,0.7190288088137957,6.6950859996914245,0.09999400099986322,0.2501815131941315,4,12320.0445
1565853528,0.2666658371254356,0.02649752075790345,0.03719478662661144,1037.3993587301243,2091.8275072889774,0.7127081734139367,8.91502087558358,0.11164677250216308,0.2333441713757397,4,13327.708999999999
1565853559,0.2499993853440775,0.025280624276540355,0.041494796025935816,1587.7700164418561,3076.001553490101,0.71055064493302,26.41274048829753,0.12454646985909625,0.22499751137499474,4,13145.798333333334
1565853602,0.29999125206245936,0.028160888248563068,0.047412985394022916,1661.6373472352802,3497.2752373998187,0.7142642836315161,22.05086738395001,0.14229645158243673,0.24999312665622345,4,13010.208333333336
1565853634,0.262518755939188,0.026625473636069184,0.03978373137179396,1106.65514878766,2204.2098991056832,0.7134201982331824,8.924349661337402,0.15920408523786742,0.212515629782602,4,15469.84175
1565853667,0.2499837579348353,0.025230264492156342,0.04322162505000282,1077.6262271670278,2187.814200950495,0.7144696790921675,7.586955203630973,0.1729577502000112,0.2499843829660869,4,13113.61
1565853702,0.2624918801560424,0.02603696525319061,0.046800854336681866,1078.9225602168883,2166.1657953873496,0.7146034730026245,7.557368093249919,0.1872855006800608,0.2374993796563424,4,15009.1
1565853737,0.2749812581848291,0.026841300278746705,0.050000250005000114,1059.0197265210686,2152.1503769031865,0.7137523920654278,7.350705413104301,0.20000100002000049,0.2249862565603664,4,15009.1
1565853780,0.27501125168775314,0.026697823032829925,0.0499997500049999,1050.5893884082614,2159.970920013002,0.7192771890637111,7.409011039153218,0.1999990000199996,0.22500937640646096,4,14182.057250000002
1565853813,0.2875306357225029,0.02735867954174586,0.04999962501124981,1061.295504676637,2174.743333291652,0.7152964499488883,7.8106380983323165,0.19999850004499925,0.2500175061271445,4,13321.53275
1565853850,0.2750125050011565,0.026551489741933068,0.05000012502625069,1058.710928746042,2149.4244014210576,0.7150536033485676,7.971480306795666,0.20000050010500275,0.2500031276568205,4,13835.9435
1565853883,0.24998126062195425,0.02552319257621527,0.04784646179091974,1063.2927303251379,2140.8255537604364,0.7125012418922427,8.173223130944002,0.1912937615282047,0.19998875724798515,3,12174.706666666665
1565853918,0.2333025142030584,0.024345993436044745,0.04422665924462885,1034.1654231625967,2106.0918587964293,0.7140604781001558,7.678621318256372,0.1768566344783904,0.21663418070304166,3,11909.654666666667
1565853966,0.3167283945392449,0.02894420630182417,0.049992336858378485,1059.8722863512958,2158.902634615677,0.7146696132373176,7.359747899315806,0.14997501065513225,0.23337837686140345,3,12030.008666666667
1565854005,0.2334688393352684,0.02397234033551589,0.04999433504612057,1060.021071893911,2192.6576195744324,0.7139391860398492,7.204137341709268,0.1499830051383617,0.21676626212760527,3,12137.563999999995
1565854044,0.2331901149886841,0.024330637976076902,0.04998917187221194,1041.1444499524607,2154.3068859338696,0.7140414773095095,7.029583728146116,0.14996751561663582,0.21638799452699886,3,12217.145333333336
1565854083,0.249965847035584,0.025419364336512908,0.05000050001500045,1037.8790798594162,2121.0091323948054,0.7139105453925065,7.148804488291807,0.15000150004500135,0.21663251370225065,3,12106.284
1565854116,0.2499916670833125,0.02542231612377714,0.05000866978757041,1031.1659817009152,2100.263679316034,0.7140062829215309,7.103098178422225,0.15002600936271124,0.21666083362498545,3,12436.476666666667
1565854160,0.2500041677084062,0.025423607692268275,0.05001184106024456,1065.9809975792841,2146.545964356948,0.7141722010598203,7.098430444766652,0.15003552318073365,0.21667166766674165,3,12563.734666666665
1565854192,0.2166833395017922,0.02327662423242101,0.05000133355002174,1020.7134721503227,2086.9530319262767,0.7127710815474836,7.033869205853287,0.15000400065006522,0.20001750612679428,3,12733.227333333334
1565854224,0.3333491686251521,0.0304049700592168,0.050001166748339036,1057.8197087402839,2129.6242750890374,0.7148675987925971,7.313608288447098,0.15000350024501713,0.23334166800009584,3,13001.833333333336
1565854261,0.2333391774611493,0.02474092577169892,0.042511373814547115,1053.5888738715557,2110.162075788688,0.7139546689149764,6.957350515515709,0.1274425137115131,0.2000075103778701,1,13330.886
1565854297,0.25,0.024609375,0.032388217436335534,989.05,2033.4,0.719091796875,6.961418809498265,0.0970497957005278,0.25,1,12419.358
1565854343,0.20068231988761792,0.02263555463576159,0.05000050000500005,1046.7088099538432,2138.4206301424847,0.7190953146949629,7.00883002207577,0.05000050000500005,0.20068231988761792,1,12419.358
1565854381,0.20004000800160032,0.022563106371274257,0.05,1004.0508101620323,2075.0650130026006,0.7175751556561313,6.681336267254182,0.05,0.20004000800160032,1,13330.886
1565854413,0.2,0.02255859375,0.05000050000500005,1012.3,2147.9,0.719384765625,6.925000000010186,0.05000050000500005,0.25,1,12381.315
1565854448,0.25,0.02578125,0.0500020000800032,999.95,2072.95,0.717529296875,6.8000000000029095,0.0500020000800032,0.2,1,11943.925
1565854483,0.3001200480192077,0.02784316851740696,0.05,1044.1176470588234,2085.1340536214484,0.7199657206632653,6.687675070015644,0.05,0.2501000400160064,1,11943.925
1565854530,0.2,0.02255859375,0.05001000200040008,1051.6,2167.65,0.720751953125,6.950000000015294,0.05001000200040008,0.25,1,11943.925
1565854577,0.29956562983673674,0.028961911478356382,0.0499990000199996,1017.9739377902043,2103.400069898647,0.7127848213839932,6.8850167257404005,0.0499990000199996,0.14978281491836834,1,11905.813999999995
1565854612,0.2501626056937009,0.024625381497973685,0.0499980000799968,1032.8213338670134,2111.772652223946,0.7231751419672788,6.9895432030812685,0.0499980000799968,0.3001951268324411,1,11807.761
1565854647,0.1999100404817832,0.022548446948873008,0.05000550060506656,968.414213603878,1980.7586586036289,0.7206229852816233,7.266729971511367,0.05000550060506656,0.2498875506022289,2,11155.003
1565854685,0.1996406468356957,0.022518061239768416,0.04999850004499865,1063.0864444000797,2154.8712317827913,0.7161913243661409,7.34178478740742,0.04999850004499865,0.1996406468356957,2,11155.003
1565854732,0.2500500100020004,0.024614297859571917,0.050006000720086416,1018.9537907581515,2093.118623724745,0.7148890715643129,7.38147629525686,0.050006000720086416,0.20004000800160032,2,11129.288999999999
1565854769,0.24998750062496874,0.02460814459277036,0.050002500125006254,1018.2990850457477,2046.797660116994,0.7153450921203941,6.779661016965164,0.050002500125006254,0.19999000049997487,2,11155.003
1565854810,0.30039050765995795,0.027868259987984367,0.05,981.0253329328126,2072.0937218383897,0.7238413844247522,6.753779913888053,0.05,0.30039050765995795,2,11155.003
1565854843,0.24998750062496874,0.02460814459277036,0.05,1016.9491525423728,2025.2987350632468,0.7166633855807208,6.754662266897582,0.05,0.19999000049997487,2,10791.647
1565854918,0.3249587554367595,0.030049929693780737,0.03534823258837058,1078.1921857806724,2248.8995076395977,0.7155598700510424,12.873551044137876,0.0707439628018599,0.2499687540619532,2,15076.2555
1565854954,0.2750650196315585,0.026837371287927826,0.042802875002499984,1044.5889872336406,2205.631988447682,0.7176661949330749,7.054145118407497,0.0856624166716666,0.2750650196315585,2,14957.5195
1565854987,0.27492253273423284,0.027409097604576133,0.049616208335833314,1056.1135515633844,2214.528009967619,0.7152147709235823,7.1029353836259626,0.09928075000499996,0.22493752623738128,2,14957.5195
1565855023,0.2749712631851039,0.026828859868142305,0.050000500010000205,1051.8149666963918,2167.7742788636488,0.7131482382864178,7.392149187286898,0.1000010000200004,0.19998000949830053,2,15116.149
1565855055,0.27525050100200393,0.026856887603331662,0.05,1107.8435871743486,2281.2765531062123,0.7132881485627505,7.6827154308569945,0.1,0.2001503006012024,2,15228.878999999999
1565855099,0.225,0.0236083984375,0.04999950000499995,1047.525,2211.225,0.718310546875,7.600000000003249,0.0999990000099999,0.275,2,15624.5085
1565855135,0.35,0.031079101562500006,0.04999500081985403,1036.55,2122.825,0.715625,7.050000000002543,0.09999000163970806,0.25,2,14222.208
1565855172,0.30016518169986983,0.027871796671651315,0.04998900441814838,1065.9052507758533,2237.9427370107114,0.7196549749646486,6.98650015016554,0.09997800883629676,0.3001376514165582,3,13818.662
1565855211,0.2754051590275679,0.026285082540556337,0.050000250032500484,1087.6940199423093,2260.384223454944,0.71366639068782,7.761927865809341,0.10000050006500094,0.2003261270220743,3,13580.6515
1565855251,0.300037511253376,0.0278601378265042,0.04999500081985403,1068.740177053116,2188.008144943483,0.7182720685346229,7.511192107635182,0.09999000163970806,0.27503751125337605,3,13446.9235
1565855294,0.2252606777621817,0.023637801056183586,0.05000175027252434,1102.029115700822,2277.051333467014,0.7185914236389613,7.917783737720567,0.10000350054504864,0.2503258472027271,3,13488.4095
1565855328,0.2999925018748688,0.02785574724449464,0.049999750032499526,1049.8413744304853,2155.55587798388,0.7147041365307567,7.264766298005725,0.09999950006499904,0.22499625131241568,3,14393.178999999998
1565855367,0.27499375031248435,0.026244500763243087,0.05000375056258438,1067.5978426078696,2149.169819009049,0.7162418527022867,7.414808634571623,0.10000750112516876,0.24999250037498125,3,14214.1695
1565855404,0.29998500149984997,0.028440991350083742,0.0500010000200004,1094.3207954204581,2270.94099090091,0.7195925719928007,7.817119538047192,0.10000200004000084,0.274982501749825,3,13484.3
1565855482,0.2999966679999167,0.02864549735542026,0.04007582279340988,1045.1650278022685,2135.6645690678693,0.7153200013713721,7.1515508639614325,0.1202982910901565,0.24999666774992915,3,12775.118333333332
1565855517,0.2333075103714367,0.02434646505331961,0.04483199541016317,1050.2123374898856,2154.138422078299,0.7135342138544877,6.95933777758142,0.13458556844404518,0.2166341790373869,3,14306.711666666668
1565855587,0.2333450010000917,0.02435019541740864,0.05000033340333437,1054.8709037013678,2164.0790911335243,0.7149284429272299,7.1120387813844985,0.15000100021000312,0.2333458343750937,3,14618.981999999998
1565855622,0.28335583570863965,0.027183208247671304,0.0500020002400288,1042.8357234900968,2149.960766862,0.7157661906758784,7.158925814798157,0.1500060007200864,0.2500208356253021,3,14420.617666666667
1565855671,0.1999866709989669,0.022589638347742923,0.05000016666833335,1050.672084570862,2153.037078475393,0.7131521509132149,7.014482996181816,0.15000050000500004,0.1999816719987045,3,13541.753666666666
1565855703,0.30003500825158785,0.028258536751900237,0.04999800028996351,1039.789074592413,2167.115118938992,0.7148296713776491,7.105856199489162,0.1499940008698905,0.23335917287618985,4,13783.047666666665
1565855736,0.23284323849252545,0.023909333555742585,0.04999983333499999,1055.8942962129393,2176.753322409397,0.7154425152991785,7.093937506659857,0.14999950000499995,0.26617657182585874,4,13936.433333333334
1565855775,0.2332692233324237,0.0239518684033088,0.04999833346998783,1036.775830942989,2153.1846478209886,0.7146685492106912,7.199393254817772,0.1499950004099635,0.23325840028228684,4,13811.457333333336
1565855814,0.2996741451273381,0.028231841504844743,0.04999683367163237,1074.4097299279897,2215.2825632274107,0.7153462788786955,7.166584230753855,0.14999050101489708,0.2497936179178329,4,13497.570333333333
1565855863,0.25014011986971385,0.02504675927946129,0.05001217198446632,1064.205338785621,2199.8503718440047,0.7150480673252959,7.337451510871293,0.15003651595339895,0.23345509968083944,4,13405.629666666666
1565855903,0.2664387221499742,0.02608595766784896,0.05000550076845981,1065.430748943555,2178.209915618408,0.7158272039516963,7.0561770362751535,0.15001650230537944,0.2498652274410836,4,12998.211666666664
1565855936,0.2833166787467096,0.026788727589235086,0.05000050000833348,1049.7754376404325,2194.3735117594656,0.7173510422380045,7.156235901251804,0.15000150002500046,0.2666525124550992,4,12516.204666666668
1565855968,0.2664257232836051,0.025692428782905983,0.05000133358335357,1069.1078483915303,2209.9597543915365,0.7148015452244566,7.923575380729767,0.1500040007500607,0.2497590566169384,4,12513.650333333333
1565856011,0.31661334449749223,0.028933942262018456,0.04999400193267835,1077.171570493996,2209.865880716466,0.7152130319724206,8.031965533211823,0.14998200579803506,0.24995834208135465,4,12328.567333333332
1565856057,0.3000556827652148,0.028167400304443462,0.05000050000833348,1675.8616369301196,3287.552737462442,0.7152963293645889,27.253307984017766,0.15000150002500046,0.2750631830154773,4,12182.073999999999
1565856128,0.275,0.02625732421875,0.04263458333333334,1068.125,2172.6375,0.71668701171875,7.775000000002517,0.17060875,0.275,4,13654.81475
1565856167,0.3000175065004002,0.028162904675684775,0.046624323930545115,1076.7323623294487,2230.976027903921,0.7155333742422583,7.572744794541472,0.1865481284201051,0.2500125057502752,4,13561.028000000002
1565856199,0.2875181289692829,0.027650490476152853,0.05000037501125034,1057.9866434742469,2141.4634480307786,0.7141595151797846,7.15784696338109,0.20000150004500133,0.2375156283442016,4,13582.80425
1565856245,0.2501760009584324,0.02525122337632661,0.05000300151798684,1069.6384317282743,2218.243446089946,0.7156286569733175,7.586165477465652,0.20001200607194736,0.2502054658609061,4,13059.1245
1565856282,0.2502966630604601,0.0252653161538065,0.05000175056259574,1030.1781384261883,2119.7828343248,0.7134196199781684,7.619483298470483,0.20000700225038293,0.2002231223265966,4,13134.30075
1565856321,0.2625106270940391,0.02603847980309557,0.05000100014251225,1040.248732383354,2132.1738712959336,0.7159239864460225,7.4289212923313634,0.200004000570049,0.2500087518127469,4,13120.0545
1565856357,0.2502003283629413,0.02525166991874661,0.04999925033746086,1064.5661884967276,2164.0860544238917,0.7156750038321721,7.394504750549826,0.19999700134984344,0.23770659841143704,5,13228.51725
1565856396,0.26246627361259434,0.026034484621652355,0.049999875001249985,1059.841648294564,2173.11026133518,0.7155070281271461,7.316815091015347,0.19999950000499994,0.249966273487585,5,13291.59375
1565856455,0.2623944453474275,0.0260264182329876,0.04999837613107245,1043.6370217358362,2206.7576644912747,0.7155374105691039,7.524063707236862,0.1999935045242898,0.2498863319288977,5,13384.236
1565856497,0.2750082169558835,0.02684459655567216,0.0500010000625043,1047.3994187772425,2153.5252606642152,0.7142374715303993,7.455360509291136,0.2000040002500172,0.22501319527465755,5,13393.07275
1565856542,0.3248417825260901,0.030052864518475275,0.049998000187484584,1068.9564475293214,2192.2351416150377,0.7136823915544945,7.766228755047238,0.1999920007499383,0.2248841379680968,5,13258.79625
1565856582,0.2624787561239627,0.026035529163106773,0.0500003750112502,1064.5047696588797,2168.2969861195775,0.713887157129657,7.713154805282882,0.20000150004500075,0.21248625462426265,5,13507.44825
1565856616,0.2999875006249687,0.028338684628268582,0.05002064970630817,1565.879620018999,3344.2465356732164,0.7136896206947464,19.10777661117169,0.2000825988252327,0.23999400029998505,5,13437.8125
1565856663,0.2499880089974811,0.025350062988897314,0.04266050003900215,1074.6283669918062,2223.9312840201433,0.71368024158363,9.790652754911804,0.2133791668616774,0.22997651172113284,5,14638.7478
1565856701,0.24000950072506125,0.024942394606451646,0.045794986758220836,1065.7006560028972,2187.874479746189,0.7140129850581626,8.276300471662344,0.2290424326661229,0.2300085006250513,5,15696.3734
1565856738,0.2502617570564708,0.02561290209347973,0.04895238761791432,1089.8768554790022,2246.813147828426,0.715652194244666,8.15355715872453,0.2448152703562596,0.2402105057501869,5,15452.463199999998
1565856776,0.2900175026754939,0.02769696509369831,0.04999880048592724,1081.7434538443267,2209.479054856024,0.7144589037016467,8.176609545654056,0.2499940024296362,0.2300020093980112,5,15381.9158
1565856815,0.27998052062189405,0.027049007819204874,0.05000020001200008,1066.1560850913993,2184.135211924394,0.7142027054114827,8.884485214021081,0.2500010000600004,0.2299950169992396,5,15439.1534
1565856861,0.280030012554089,0.0272880871925024,0.049998300120989284,1078.2172668507408,2224.838660107086,0.7183214525826893,8.16491713751222,0.2499915006049464,0.2900340138543916,5,15290.9774
1565856898,0.26993602648656473,0.026399649299723167,0.049999600017999725,1088.9447232577807,2229.38057515776,0.7158905557846811,7.899825773780111,0.24999800008999865,0.2599280318835165,5,14504.2766
1565856938,0.2298778837405665,0.024285091163900808,0.04999830077483158,1054.7329274977485,2167.6407450793245,0.7130514051669936,7.8030450055327965,0.2499915038741579,0.20984745750753034,6,14175.4904
1565856982,0.2400872059588172,0.02495267390825491,0.04999480359595679,1069.7891284016318,2208.569545054361,0.7152579298835193,8.134505051874246,0.24997401797978394,0.2301273625775612,6,13981.3708
1565857040,0.2802874315283589,0.027194400168796668,0.049995607123586534,1071.767717502533,2214.660017212801,0.7217125889010616,8.62784265482357,0.24997803561793264,0.2702406941573375,6,13870.587
1565857086,0.26994502548745625,0.025932082589584304,0.05000180420807143,1077.140310695567,2233.275782094455,0.7163853738246007,7.680493484383445,0.2500090210403572,0.26994402558744623,6,13652.5056
1565857125,0.28995053959430833,0.027456322533207133,0.05001823585363542,1076.1415980702056,2183.810435836288,0.7177207597428531,7.980807694667322,0.2500911792681771,0.2799630269295089,6,13901.742800000002
1565857163,0.28076480624717226,0.0268896096233317,0.05000440129043403,1081.9003431203212,2237.286659807857,0.7176367407151031,8.109560659748468,0.2500220064521701,0.25063901008557155,6,13780.1336
1565857199,0.2999987530624844,0.028067881952431026,0.05000250036904934,1153.1857768279644,2278.7783127900493,0.7120873228808368,10.954820822241736,0.2500125018452467,0.23333083545827715,6,13830.1542
1565857294,0.25000958635456577,0.025432198369665832,0.04478127383401357,1092.5772808403422,2217.5885961816753,0.7143468677215207,8.259404215156586,0.2687355584728614,0.2333445866462991,6,13292.9835
1565857329,0.2583816912210736,0.025777780721843425,0.047184777786111236,1100.6319861193554,2250.3365515933747,0.7153051982981662,8.01814868553962,0.2831661667166675,0.2417121065330411,6,14228.801
1565857360,0.2583337509792677,0.025968542180736697,0.04936080565472828,1064.8819664021091,2171.896844579976,0.7141254423153335,8.161693117568207,0.296234417261703,0.22500125093760315,6,14180.777499999998
1565857393,0.2666845907310058,0.02670291217173393,0.05000000001333349,1082.4840442688221,2197.972086373006,0.7152431075055636,7.895654028177361,0.30000000008000083,0.23335750891917165,6,14841.919499999998
1565857440,0.2833454194378553,0.027385593131892056,0.04999383566065671,1110.5108414185654,2274.765684497833,0.7138401315649169,8.00448278593371,0.29996301396394026,0.21667625218778028,6,14308.599333333332
1565857474,0.274987087853597,0.027431951551680142,0.049999250035831465,1089.3934141506415,2237.493035903815,0.7133350202234383,8.275510263834612,0.2999955002149888,0.19999000349957508,6,14200.400166666668
1565857511,0.2497436811953893,0.025407340139585188,0.04781313154051945,1084.978886068986,2228.8441483117354,0.7127835482047579,7.976179992946293,0.28680712615960424,0.20815495733754533,5,13805.7494
1565857548,0.2502026774201554,0.025372599119752176,0.04528279055851076,1092.5306717491771,2248.1504611059886,0.7131365059627862,8.2936100415968,0.2715900793509979,0.18017123229849485,5,13781.5206
1565857589,0.2900310888292646,0.02793343179574733,0.049980112995148686,1061.3834549145013,2170.241155436566,0.7152269454418152,7.948097762502741,0.24990056497574345,0.23004808063289794,5,13733.486800000002
1565857643,0.2800057902573472,0.02728766110280572,0.04999500100577449,1080.6639134037864,2222.474482819702,0.7137914991892002,7.871597459459449,0.2499750050288725,0.2100202045681752,5,14008.733000000002
1565857683,0.26965305061255546,0.026372985651780312,0.050005201412375855,1067.6318965601738,2210.0947229603253,0.7149565489445214,7.740243912508461,0.2500260070618793,0.2396515498874092,5,13997.4416
1565857726,0.2801397326188381,0.027062902312389808,0.05001421888323256,1069.9365610422003,2166.4084334067056,0.7144862361479934,7.75203618915233,0.2500710944161628,0.22008864577119708,5,13868.4816
1565857756,0.26990619467482,0.026630175249068067,0.05000320293881537,1082.8560890973165,2176.990476702923,0.7156582496397809,7.677907161302192,0.2500160146940769,0.23992914613109875,5,13948.314000000002
1565857786,0.2601338357547757,0.02600843108969315,0.05000060001200031,1090.1521355392074,2247.6528431750253,0.7154768385911797,7.824044050260213,0.25000300006000153,0.2301578902849963,5,14213.45
1565857826,0.2300140024004401,0.02406393871908695,0.05000040013800028,1078.1029223280398,2190.5817734972134,0.7155997532899685,7.354417567482704,0.2500020006900014,0.2400180032006001,5,14186.838199999998
1565857858,0.3100870814916201,0.02875809155910094,0.05000300069417645,1079.2966653718663,2226.7452337706227,0.7179136845034113,7.733030711526183,0.25001500347088224,0.28008708154162754,5,14215.962600000004
1565857892,0.2600035009250462,0.02599638143835891,0.049998650136239435,1050.6789960922445,2193.6884344225946,0.7161401104190958,7.654062176132302,0.2499932506811972,0.2400050009500575,4,14312.4388
1565857927,0.2499962511874344,0.0252315845880066,0.046181233402338526,1048.3843966389652,2148.879070470125,0.7172394568810981,7.521838131643176,0.23085241701169265,0.26249375131241875,4,13996.33225
1565857958,0.25000937546877344,0.025525855760561468,0.04356546667166675,1059.6534689234463,2153.0957897894896,0.7170068732928834,7.488153565285393,0.21777566669166712,0.2500093754687735,4,14002.97025
1565858000,0.2372627984783087,0.02469480166079452,0.0499997500649981,1054.5429824567384,2158.1839106485722,0.7132490834130538,7.757151090193106,0.1999990002599924,0.1998094887826432,4,13938.6675
1565858032,0.25031924789215315,0.02526184617534132,0.05,1080.9949941725226,2177.6750889700525,0.7157895889567248,7.623805179412397,0.2,0.2253167475796093,4,13856.273000000001
1565858066,0.3125193790947361,0.02926215860666464,0.049983770458819014,1058.8895989806056,2196.9367339689497,0.7131759057243892,7.543053493943209,0.19993508183527609,0.18751437821953607,4,14013.96975
1565858101,0.2500156289072268,0.02494050636682608,0.05000062504625269,1080.3108558389597,2206.4386471617904,0.7178791279851213,7.612909477373215,0.2000025001850108,0.2750156289072268,4,14001.288
1565858137,0.27493199961030074,0.02654304751278967,0.05,1050.839912011335,2175.604829070213,0.7161404088063633,7.376252944892744,0.2,0.23744697483200905,4,13879.288
1565858187,0.2371657734712692,0.02439120527140134,0.05000037500625011,1059.1851851800218,2219.240941418604,0.7153766847230372,7.554931881887139,0.20000150002500044,0.2496103005524469,4,13813.421000000002
1565858225,0.312422618666361,0.02896008732171497,0.04999962503624944,1054.7690633529646,2197.057723430628,0.7163621988737776,7.403914278672402,0.19999850014499776,0.2376239539902697,4,14024.631
1565858265,0.262960840059426,0.025792386505034195,0.050001000042501915,1045.7131320761127,2200.828020527595,0.7174842747823797,7.633610135731697,0.20000400017000766,0.23800468844079856,4,13665.433
1565858308,0.2625006396552968,0.025744538796169586,0.04811151293946686,1071.8216230996507,2162.060945281387,0.7144789469191599,7.446453964539003,0.19232853853763016,0.2124956431582486,3,13497.702249999998
1565858342,0.2830343247178981,0.026762575859470453,0.0444784697588604,1087.665363256905,2203.8149972170604,0.7152541960990467,7.730097355228867,0.1778663255377567,0.24975082615380395,3,12682.426666666664
1565858424,0.299990000499975,0.027863654831581337,0.050000000013333344,1033.5157367131644,2114.9957418795725,0.7187260786700248,7.144751929073,0.15000000004,0.2833250004166458,3,12858.145666666667
1565858459,0.2999500127465135,0.027860082521742883,0.05000050001500045,1058.3189050129768,2142.7011950627507,0.7165103239034337,7.338850292873322,0.15000150004500135,0.24996250937246944,3,12822.041333333334
1565858492,0.2333600035838501,0.0247424336527248,0.04999983333499999,1053.7568001235154,2161.556240036336,0.7131691600587639,7.3058585335864255,0.14999950000499995,0.1833541694587355,3,12677.193999999998
1565858526,0.31666666666666665,0.02972005208333333,0.05000000001333333,1044.1333333333334,2133.483333333333,0.7130696614583334,7.266666666655136,0.15000000004000005,0.18333333333333332,3,12677.193999999998
1565858570,0.24999584687586562,0.025032254787408312,0.04999616714827576,1068.7351042873595,2197.488118833006,0.7145717054422689,7.293162488584021,0.14998850144482728,0.21665917854209882,3,12507.555
