timestamp,PktIn,KBIn,AVG_RR,Inter,CTXSW,KBOut,CPU,SUM_RR,PktOut,vm_number,AVG_LAT_05
1566912488,0.35,0.033544921875,25.07597625,6244.5,5148.9,0.434716796875,91.25,25.09839625,0.3,1,18239.582
1566912503,0.25,0.028076171875,31.76397750000001,5969.1,4930.2,0.43291015625,92.55,31.77356312500001,0.25,1,18239.582
1566912518,0.25,0.028076171875,38.14597222222222,5969.1,4930.2,0.43291015625,92.55,38.16693944444444,0.25,1,121519.112
1566912534,0.35,0.033544921875,45.051326111111116,6011.45,5141.8,0.43564453125,92.8,45.06515555555556,0.3,1,121519.112
1566912549,0.3,0.031494140625,51.70200177083333,5818.45,5000.55,0.4328125,90.55,51.71131833333333,0.25,1,121519.112
1566912565,0.3,0.030126953125,45.34,737.6,1717.15,0.433984375,16.25,45.34,0.3,1,162907.044
1566912580,0.3,0.030126953125,34.14,737.6,1717.15,0.433984375,16.25,34.14,0.3,1,121519.112
1566912596,0.3,0.030126953125,23.45,645.8,1530.1,0.436181640625,16.25,23.45,0.3,1,121519.112
1566912611,0.25,0.028076171875,23.45,595.55,1401.55,0.43408203125,12.700000000000033,23.45,0.25,1,121519.112
1566912626,0.3,0.030126953125,13.25,453.05,1107.65,0.435595703125,8.299999999999983,13.25,0.3,1,76131.515
1566912642,0.35,0.033544921875,2.79,462.85,1180.3,0.43583984375,9.249999999999973,2.79,0.3,1,76131.515
1566912657,0.35,0.033544921875,0.05,462.85,1180.3,0.43583984375,9.249999999999973,0.05,0.3,1,73036.275
1566912673,0.25,0.028076171875,0.05,577.65,1375.2,0.433740234375,11.649999999999993,0.05,0.25,1,73036.275
1566912688,0.3,0.030126953125,0.05,545.75,1306.8,0.4365234375,9.849999999999994,0.05,0.3,1,76131.515
1566912704,0.35,0.033544921875,0.05,408.75,1075.2,0.437060546875,7.9999999999999725,0.05,0.3,1,73036.275
1566912719,0.35,0.033544921875,0.05,408.75,1075.2,0.437060546875,7.999999999999972,0.05,0.3,1,73036.275
1566912735,0.25,0.028076171875,0.05,517.1,1312.6,0.4345703125,11.400000000000004,0.05,0.25,1,71726.017
1566912750,0.3,0.030126953125,0.05,313.45,946.5,0.43681640625,6.450000000000102,0.05,0.3,1,71726.017
1566912765,0.3,0.030126953125,0.05,240.7,789.15,0.433154296875,4.5999999999999375,0.05,0.25,1,71726.017
1566912781,0.25,0.028076171875,0.05,247.45,843.9,0.430517578125,4.89999999999995,0.05,0.2,1,69621.043
1566912796,0.25,0.028076171875,0.05000000000000001,247.45,843.9,0.430517578125,4.89999999999995,0.05,0.2,1,69621.043
1566912812,0.3,0.030126953125,0.05,237.3,802.4,0.4326171875,4.5999999999999375,0.05,0.25,1,69621.043
1566912827,0.3,0.030126953125,0.05,211.35,763.15,0.433447265625,4.000000000000057,0.05,0.25,1,67570.791
1566912842,0.25,0.028076171875,0.05,228.05,805.45,0.4310546875,4.9500000000000455,0.05,0.2,1,67570.791
1566912858,0.25,0.028076171875,0.05,228.05,805.45,0.4310546875,4.9500000000000455,0.05,0.2,2,66787.025
1566912873,0.35,0.033544921875,0.05,207.8,766.0,0.4337890625,4.099999999999966,0.05,0.25,2,66787.025
1566912889,0.3,0.030126953125,0.05,226.65,786.55,0.43349609375,5.649999999999977,0.05,0.25,2,66787.025
1566912904,0.25,0.028076171875,0.05,219.7,803.85,0.431591796875,4.350000000000024,0.05,0.2,2,63259.993
1566912920,0.25,0.028076171875,0.05,219.7,803.85,0.431591796875,4.350000000000024,0.05,0.2,2,63259.992999999995
1566912950,0.325,0.03251953125,0.03039333333333333,241.8,820.45,0.4297607421875,4.475000000000087,0.06079541666666668,0.225,2,48132.4345
1566912966,0.325,0.03251953125,0.03360375,266.7,874.7,0.429833984375,5.04999999999999,0.06721791666666667,0.225,2,28175.9695
1566912981,0.3,0.030126953125,0.03681812500000002,214.1,803.4,0.4311767578125,4.100000000000037,0.073645,0.25,2,10700.5515
1566912997,0.275,0.0291015625,0.04002541666666667,206.575,743.0999999999997,0.430517578125,4.075000000000024,0.08005958333333334,0.225,2,11679.2905
1566913012,0.35,0.034228515625,0.04323375,210.55,776.625,0.43125,4.150000000000027,0.08648208333333335,0.225,2,11480.945
1566913027,0.275,0.0291015625,0.046458958333333335,213.25,777.175,0.4310546875,4.4249999999999545,0.09292708333333337,0.225,2,8875.3645
1566913043,0.3,0.030126953125,0.049668125,206.9,750.5,0.43251953125,4.14999999999992,0.099345,0.25,2,4273.484500000001
1566913058,0.275,0.0291015625,0.05,224.325,796.3,0.431787109375,5.549999999999926,0.1,0.225,2,4357.1190000000015
1566913074,0.275,0.0291015625,0.05,215.775,791.0,0.4311279296875,4.275000000000162,0.1,0.225,2,4357.1190000000015
1566913089,0.3,0.030126953125,0.05,200.5,722.8499999999997,0.432470703125,3.9749999999997954,0.1,0.25,2,3650.1295
1566913105,0.275,0.0291015625,0.05,197.2,715.925,0.43173828125,3.8750000000001705,0.1,0.225,2,3923.766
1566913120,0.275,0.02978515625,0.05,201.7,736.575,0.430615234375,3.950000000000173,0.1,0.2,2,3652.7205
1566913135,0.3,0.030810546875,0.05,220.7,781.075,0.4318359375,4.649999999999963,0.1,0.225,2,3379.084000000001
1566913151,0.3,0.030126953125,0.05,222.1,794.2750000000003,0.43310546875,4.250000000000043,0.1,0.25,2,3379.084000000001
1566913166,0.275,0.0291015625,0.05,217.275,777.3,0.4317626953125,4.099999999999895,0.1,0.225,2,3188.9055
1566913182,0.25,0.028076171875,0.05,245.025,819.2,0.431201171875,6.224999999999881,0.1,0.2,2,3192.7070000000012
1566913197,0.275,0.0291015625,0.05,260.125,866.65,0.432177734375,6.624999999999943,0.1,0.225,2,3192.7070000000012
1566913213,0.3,0.030126953125,0.05,207.6,743.15,0.4330810546875,4.050000000000011,0.1,0.25,2,3035.6685
1566913228,0.25,0.028076171875,0.05,196.95,734.7249999999997,0.431005859375,3.8000000000000966,0.1,0.2,2,3035.6685
1566913243,0.275,0.0291015625,0.05,197.6,734.2,0.4324462890625,3.799999999999813,0.1,0.225,2,3035.6685
1566913259,0.3,0.030126953125,0.05,204.625,751.7,0.433154296875,4.024999999999892,0.1,0.25,2,3004.7565
1566913274,0.275,0.0291015625,0.05,214.05,769.95,0.432080078125,4.17500000000004,0.1,0.225,2,2794.425
1566913290,0.275,0.0291015625,0.05,201.15,727.0,0.4320556640625,4.000000000000057,0.1,0.225,2,2794.425
1566913305,0.325,0.0318359375,0.05,198.175,727.525,0.4333984375,3.8250000000002164,0.1,0.25,2,2814.9135
1566913321,0.275,0.0291015625,0.05,213.25,783.675,0.43251953125,4.200000000000017,0.1,0.225,3,2794.425
1566913336,0.3,0.030810546875,0.05,209.35,764.7750000000003,0.4325439453125,4.274999999999949,0.1,0.225,3,2794.425
1566913351,0.275,0.0291015625,0.05,205.625,751.0,0.43232421875,4.124999999999802,0.1,0.225,3,2794.425
1566913367,0.25,0.028076171875,0.05,210.85,748.8499999999997,0.4313232421875,4.075000000000131,0.1,0.2,3,2701.573
1566913398,0.2750225033755063,0.029103822360463445,0.03613458333333334,209.2151635245287,751.2296419462918,0.4327961962849115,4.06779516927552,0.1084175,0.22501875281292194,3,28024.277000000002
1566913413,0.275,0.0291015625,0.038277361111111116,198.15,737.775,0.4323486328125,3.899999999999864,0.11484833333333333,0.225,3,28024.277
1566913429,0.2999958335416562,0.030582214378864388,0.04043008333999987,233.5132843357832,840.3379922670532,0.4319752436857324,4.4016024198790324,0.12130441668666628,0.2499966668333249,3,17550.657
1566913444,0.3000050002500125,0.03058318443265913,0.04257611111111111,240.953598513259,893.5466198309915,0.4313874425817645,4.3317340867044765,0.12774791666666668,0.2333375002083438,3,17550.657
1566913459,0.3000050002500125,0.03012745526599247,0.5328438541666667,327.6702651799256,959.4466198309917,0.4331615311234312,6.998400753370959,1.5987639583333335,0.2500041668750104,3,3503.698
1566913475,0.2833333333333333,0.029899088541666667,1.7214257291666666,1125.5666666666666,1724.6,0.43095703125,17.566666666666652,5.1644994791666665,0.21666666666666667,3,3510.6706666666664
1566913490,0.2833333333333333,0.029899088541666667,2.8803989722222223,1249.35,1832.5166666666669,0.4330729166666665,18.33333333333339,8.642692583333332,0.25,3,4797.358
1566913506,0.31666666666666665,0.031266276041666666,4.605546222222221,1266.4,1892.3833333333328,0.43487955729166666,18.76666666666691,13.818446416666667,0.2833333333333333,3,3510.6706666666664
1566913521,0.2833333333333333,0.029443359375,5.853032100865352,1148.85,1722.2333333333331,0.4322916666666666,16.566666666666492,17.560211052596053,0.2333333333333333,3,3656.823
1566913537,0.25,0.028076171875,6.885992916666668,883.9,1508.6,0.4318522135416665,14.983333333333302,20.660367583333336,0.21666666666666667,3,3653.2163333333333
1566913552,0.3,0.030126953125,8.17642186111111,1497.7,2081.5166666666664,0.43390299479166666,23.28333333333333,24.53237358333333,0.26666666666666666,3,3653.2163333333333
1566913567,0.3,0.030582682291666663,11.205139201387432,2194.183333333333,2676.3,0.43369140625,31.166666666666746,33.61941633361749,0.25,3,4769.0053333333335
1566913583,0.3,0.030126953125,11.973294200391328,1795.7333333333331,2260.883333333333,0.4344563802083333,24.766666666666737,35.91988260117398,0.26666666666666666,3,4769.0053333333335
1566913598,0.3,0.030126953125,11.686666666666666,1151.9833333333333,1727.533333333333,0.4334798177083333,16.183333333333252,35.06,0.25,3,4786.3983333333335
1566913614,0.2833333333333333,0.029899088541666667,11.86,1560.55,2141.6666666666665,0.4313313802083333,21.76666666666667,35.58,0.21666666666666667,3,4786.3983333333335
1566913629,0.31666666666666665,0.031266276041666666,13.793333333333333,2050.6666666666665,2548.516666666667,0.433154296875,28.183333333333373,41.38,0.25,3,4793.751333333334
1566913645,0.26666666666666666,0.028759765625,16.686666666666667,2553.65,2888.433333333333,0.434375,34.8499999999999,50.06,0.25,3,4711.686333333333
1566913660,0.31666666666666665,0.031266276041666666,18.17,3259.05,3500.2333333333336,0.435888671875,45.75000000000011,54.51000000000001,0.2833333333333333,3,4719.039333333332
1566913676,0.3,0.030126953125,20.336733900672343,3631.716666666666,3786.7,0.436279296875,51.583333333333165,61.01020170201703,0.2833333333333333,3,4769.716666666667
1566913691,0.26666666666666666,0.028759765625,23.590000000000003,3906.166666666666,3975.9666666666662,0.4338704427083333,55.250000000000284,70.77000000000002,0.2333333333333333,3,5100.063
1566913707,0.3,0.030126953125,29.29666666666667,4119.283333333333,4174.8499999999985,0.43487955729166666,58.76666666666665,87.88999999999999,0.26666666666666666,3,5121.442999999998
1566913722,0.26664167416441736,0.028756958849845044,31.846666666666664,3983.240271251958,4056.216186810623,0.4359261345945175,58.65439868039602,95.54,0.2666366756639675,3,6624.0796666666665
1566913737,0.3000300090027008,0.030129966724392318,33.94,4161.934842119303,4231.285920776233,0.43593234708693857,59.212835517321814,101.82,0.2833633423360341,3,6630.721333333333
1566913753,0.31666666666666665,0.031266276041666666,35.646666666666654,4224.866666666667,4282.983333333334,0.4388997395833333,59.750000000000036,106.94,0.31666666666666665,3,6637.694
1566913768,0.25,0.028076171875,37.049877234560974,4156.7,4177.866666666667,0.4341145833333333,59.73333333333329,111.14963170368294,0.2333333333333333,3,7856.185333333333
1566913784,0.2833333333333333,0.029443359375,37.28666666666667,3971.383333333333,4059.916666666666,0.436572265625,58.89999999999977,111.86,0.2833333333333333,4,7871.079000000002
1566913799,0.31666666666666665,0.030810546875,37.586666666666666,4210.65,4219.433333333333,0.4376302083333333,60.250000000000064,112.76,0.31666666666666665,4,9689.960333333333
1566913815,0.3249968751562421,0.032177383440398284,37.67333333333333,4470.532537748113,6293.695006499675,0.4351630251739366,67.96298872556359,113.01999999999998,0.2749968751562422,4,9763.131
1566913861,0.3,0.030810546875,21.075707717327173,1538.025,2198.1875,0.4333618164062501,22.937500000000053,84.3055308693087,0.25,4,10508.4585
1566913877,0.2875,0.0299560546875,19.806999791666666,2049.9875,2538.9,0.43370361328125,28.95000000000002,79.23198166666667,0.25,4,10544.09525
1566913892,0.2875,0.0299560546875,19.163615555555555,2418.6125,2838.9125,0.4322265625,33.4000000000001,76.65793555555554,0.225,4,10792.4425
1566913908,0.275,0.0291015625,18.362605138888885,3111.7875000000013,3367.3875,0.43231201171875,43.162499999999866,73.45577527777778,0.225,4,9453.91225
1566913923,0.25,0.028076171875,19.231147500000002,3683.225,3813.0125,0.4343017578125,51.03750000000011,76.93006666666666,0.2375,4,9453.91225
1566913954,0.2625,0.0285888671875,27.71042466666667,4190.0875,4164.275,0.43369140625,59.21249999999972,110.85131266666666,0.2375,4,9992.58425
1566913969,0.25,0.028076171875,33.076555166666665,4281.85,4242.4125,0.4341552734375,60.7875,132.31281016666668,0.2375,4,17168.822
1566913985,0.25,0.028076171875,35.40749999999999,4183.5250000000015,4215.725,0.43740234375,59.22500000000019,141.63,0.2875,4,17266.57575
1566914000,0.3,0.030126953125,35.1025,2876.0625,3177.4875,0.43609619140625,44.83749999999999,140.41,0.2875,4,11566.156749999998
1566914016,0.2625,0.0285888671875,34.0325,2869.375,3124.1875,0.4336669921875,41.96250000000024,136.13,0.2375,4,11637.0005
1566914031,0.2625,0.0285888671875,33.1125,3210.0375000000013,3400.075,0.4345458984375,46.11249999999988,132.45,0.25,4,10972.0125
1566914047,0.2875,0.029614257812500006,32.4575,3699.775,3801.2375,0.4376220703125,52.62499999999997,129.82999999999998,0.3,4,10927.143
1566914062,0.275,0.029443359375,32.39,4161.45,4107.175,0.433642578125,58.13750000000032,129.56,0.2375,4,16114.054500000002
1566914078,0.2625,0.0289306640625,32.1025,4090.4,4129.3499999999985,0.43232421875,58.97500000000008,128.41,0.2125,4,16144.56175
1566914093,0.2625,0.0285888671875,32.9025,4195.5125,4175.3499999999985,0.43345947265625,60.312499999999936,131.61,0.225,4,16114.054500000002
1566914109,0.2749775067479756,0.029099303656168776,35.2575,4047.412031390583,4092.0220833749872,0.4353556628324004,57.21601644506661,141.03,0.26248125562331304,4,15162.6405
1566914124,0.262518755626688,0.02859097353229406,35.125,3043.668563068921,3298.6593665599685,0.4339801183519118,45.00793488046402,140.5,0.2375150045013504,4,15339.996
1566914140,0.275,0.0291015625,33.742416925830746,3039.05,3403.0250000000005,0.43675537109375,47.43749999999981,134.96966770332298,0.2875,4,21510.188
1566914155,0.2625,0.0285888671875,32.9625,3654.7375,3867.1125,0.43466796875,55.27500000000014,131.85,0.25,4,17229.35625
1566914171,0.275,0.0291015625,32.64,3901.2,4099.05,0.4367919921875,57.97499999999996,130.55999999999997,0.2875,4,21460.5345
1566914186,0.275,0.0291015625,32.7225,4178.1875,4203.525,0.436865234375,59.79999999999993,130.89,0.2875,4,21574.6265
1566914201,0.2875,0.0299560546875,32.76,4102.675,4117.7750000000015,0.4342529296875,58.975000000000115,131.04,0.25,4,19382.648999999998
1566914217,0.2875,0.0299560546875,33.7275,4140.3,4107.3125,0.43341064453125,57.92500000000015,134.91000000000003,0.2375,4,22408.8245
1566914232,0.25,0.028076171875,35.387587075870755,4081.9625,4056.7375,0.434228515625,57.26250000000004,141.55034830348302,0.2375,4,17933.2005
1566914248,0.3,0.030126953125,34.3225,2876.75,3072.0125,0.4381591796875,42.47499999999988,137.29,0.3125,5,18484.91075
1566914263,0.275,0.0291015625,33.6175,2868.175,3031.4,0.43431396484375,41.18749999999999,134.47,0.25,5,18126.4195
1566914279,0.31,0.031357421875,32.4325,3806.27,5265.02,0.432666015625,58.94000000000007,129.73,0.24,5,17160.12775
1566914310,0.3,0.030400390625,18.085963083333333,532.8100000000002,1410.0,0.434072265625,11.419999999999908,90.42982999999998,0.26,5,13914.1432
1566914325,0.29000000000000004,0.030263671875,13.655250916666665,251.53,901.36,0.4323046875,4.729999999999872,68.27627166666666,0.23,5,13897.8622
1566914341,0.28,0.029580078125,10.370539083333334,269.36,944.0,0.431962890625,5.099999999999953,51.85270458333334,0.22,5,12149.3792
1566914356,0.26,0.028486328125,7.415824833333333,252.82,909.97,0.43173828125,4.790000000000107,37.07913333333333,0.21,5,11415.6116
1566914372,0.28,0.029306640625,3.66912125,241.2,880.29,0.432705078125,4.44999999999996,18.345615,0.23,5,10197.4984
1566914387,0.31,0.031083984375,0.588407,260.52,934.25,0.432978515625,5.360000000000098,2.942050833333333,0.23,5,10241.8448
1566914402,0.27,0.029443359375,0.04969520000499991,253.88,925.08,0.43130859375,4.670000000000171,0.2484847500249996,0.2,5,9308.622
1566914418,0.29,0.029716796875000007,0.05,256.76000000000005,916.36,0.4329296875,4.830000000000126,0.25,0.24,5,9258.556
1566914433,0.26,0.028486328125,0.05,244.33,908.54,0.4312890625,4.989999999999867,0.25,0.21,5,7291.0554
1566914449,0.25,0.028076171875,0.3074969,312.57,977.47,0.430908203125,6.1899999999999125,1.5375824166666665,0.2,5,7102.5906
1566914464,0.27,0.028896484375,0.6859999999999999,727.09,1409.89,0.43279296875,12.639999999999675,3.43,0.23,5,7094.0884
1566914480,0.3,0.030126953125,2.3787204567022657,1105.16,1720.53,0.4343359375,16.0,11.893964533511332,0.26,5,7162.7488
1566914495,0.27999400059994,0.029852885805169482,4.4086959203744085,1615.164590540946,2148.5534326567345,0.4324717948127062,22.46150184981514,22.045016268538703,0.21999500049995,5,6983.8380000000025
1566914511,0.28999400059994,0.03026304205516948,6.914370246794468,1784.644590540946,2308.103432656734,0.4331456229377062,25.11150184981477,34.573399900639004,0.22999500049995,5,6541.6686
1566914526,0.28000600060006003,0.029307243224322432,9.615589166666666,2155.984504450445,2619.145195519552,0.4329188319222547,29.988630863086318,48.08021552083334,0.23000500050005,5,6496.0859999999975
1566914542,0.29,0.029990234375,13.126735833333333,2597.72,2984.12,0.4355859375,36.03000000000004,65.63606733333333,0.27,5,6491.611599999997
1566914557,0.26,0.028486328125,16.745359913682528,2909.9,3198.74,0.4329296875000001,39.97999999999973,83.73040581841266,0.22000000000000008,5,3788.8992
1566914573,0.26,0.028486328125,19.9484556903934,2957.13,3266.39,0.432939453125,40.910000000000075,99.74909628530035,0.22000000000000008,5,3669.3848
1566914588,0.28,0.029306640625,23.04,2942.28,3261.450000000001,0.43662109375,41.15999999999997,115.2,0.28,5,3680.5632
1566914604,0.27,0.028896484375,24.03,2893.39,3200.44,0.435419921875,40.600000000000186,120.15,0.26,5,3609.884
1566914619,0.27,0.028896484375,25.734,2939.12,3257.48,0.435400390625,40.410000000000025,128.67,0.26,5,3670.5744
1566914635,0.28,0.029580078125,25.256,2068.58,2506.38,0.43412109375,29.19999999999981,126.28,0.24,5,3809.5376
1566914650,0.26,0.028486328125,22.20804100041,1288.9499999999996,1856.48,0.433486328125,18.70000000000005,111.04020500205002,0.23,5,3836.2106
1566914665,0.29,0.029716796875,20.188041000410003,1038.38,1686.58,0.43291015625,14.759999999999993,100.94020500205002,0.24,5,3806.638
1566914681,0.28,0.029580078125,18.12,1811.16,2389.51,0.432275390625,25.46000000000009,90.6,0.22000000000000008,5,3837.6954
1566914696,0.26,0.028486328125,17.189965860341395,2301.78,2765.07,0.4323828125,31.1400000000001,85.94982930170698,0.21,5,3737.383
1566914712,0.28,0.029306640625,16.909965860341394,2554.22,2962.3,0.433232421875,34.330000000000155,84.54982930170698,0.23,5,3716.4114
1566914727,0.28,0.029306640625,17.552,3083.91,3330.73,0.433154296875,42.14999999999985,87.75999999999998,0.23,6,3585.5688
1566914743,0.27,0.029169921875,19.81,3463.160000000001,3625.98,0.432041015625,48.239999999999846,99.04999999999998,0.21,6,3538.8034
1566914758,0.26,0.028486328125,25.616,3748.02,3844.98,0.43419921875,51.49000000000001,128.07999999999998,0.24,6,3710.4908
1566914805,0.27,0.028896484375,23.255823661561607,1532.86,2020.08,0.433564453125,21.719999999999914,139.5379519693697,0.23,6,147629.73933333333
1566914820,0.29166666666666663,0.03001302083333333,22.47701458435344,2088.083333333333,2500.475,0.4341145833333333,30.05833333333333,134.865429589454,0.2583333333333333,6,13326.981166666665
1566914836,0.3,0.03058268229166667,21.662905879629626,2458.3583333333336,2793.491666666667,0.4341878255208333,34.1666666666668,129.98498972222222,0.25833333333333336,6,13381.191833333334
1566914851,0.2916637501458261,0.029784888115620262,20.881830694444442,2618.495139826342,2944.067565371731,0.4340377044461579,36.50053205673045,125.29505194444445,0.2583304168124927,6,13461.024
1566914867,0.2833354167708385,0.02944359335479795,20.729127569444444,3005.8424167041685,3265.844677650549,0.4344192970553476,41.399517892561335,124.37840229166665,0.2583354167708385,6,5991.673333333334
1566914882,0.2666687501041719,0.02875999960479795,20.848523999999998,2787.1674167041688,3126.203010983883,0.43389846372201424,38.95785122589443,125.09569833333332,0.2416687501041719,6,5975.728166666666
1566914898,0.30833125010416146,0.03092424521026553,19.38627883333333,879.2035510724463,1469.4139651350765,0.4366907077823192,13.900735379897881,116.32347583333332,0.2916645834374948,6,5951.155500000003
1566914913,0.291669583479174,0.030013300388326707,18.119969650303496,937.7608655432773,1570.8664445722284,0.4334916021517222,14.016004133540086,108.719817901821,0.2416691667916729,6,6296.6375
1566914929,0.30833625014584065,0.03069689413832672,16.876751169201743,1463.4608655432776,2082.974777905562,0.4354121750683889,22.174337466873197,101.26050701521044,0.2750025001250063,6,6078.1258333333335
1566914944,0.2833333333333333,0.029443359375,16.328333333333333,1940.0583333333327,2514.1416666666664,0.4342447916666666,28.224999999999948,97.96999999999998,0.25,6,6060.470333333333
1566914960,0.275,0.0291015625,15.34,2462.5666666666666,2886.208333333333,0.4332112630208333,33.80000000000001,92.04,0.2333333333333333,6,6063.864666666666
1566914975,0.3083283338332833,0.030696112517654483,15.511666666666665,2961.188063693631,3291.642540745925,0.4351652985743093,41.15937656234375,93.07,0.27499583374995834,6,5993.328333333333
1566914991,0.28333750041670835,0.02967169194132955,18.381666666666668,3296.883705870587,3578.9520035336864,0.4361075902512126,45.999162416241475,110.29,0.2750050005000501,6,6022.4236666666675
1566915006,0.2916666666666667,0.03001302083333333,23.228375633756343,3664.916666666666,3853.708333333333,0.4348876953125,50.86666666666661,139.37025380253806,0.2583333333333333,6,9594.193333333333
1566915022,0.3083333333333333,0.030696614583333337,25.055042300423,2756.4083333333333,3085.2166666666667,0.4364583333333333,39.2583333333335,150.33025380253798,0.2833333333333333,6,9586.88
1566915037,0.29166666666666663,0.03001302083333333,23.986666666666668,1235.375,1786.2333333333331,0.4349609375,19.199999999999967,143.92,0.25833333333333336,6,10515.436166666666
1566915053,0.2833333333333333,0.029443359375,23.14875,1526.3583333333331,2011.091666666667,0.4358317057291667,22.433333333333,137.54,0.275,6,10370.802833333337
1566915068,0.26666666666666666,0.028759765625,20.821666666666665,1756.875,2223.708333333333,0.433984375,25.88333333333355,124.93,0.2416666666666667,6,10520.127666666667
1566915084,0.26666666666666666,0.028759765625,18.571666666666665,1185.4,1766.4583333333335,0.4327880859375,17.375000000000373,111.43,0.2250000000000001,6,10556.071166666667
1566915099,0.275,0.0291015625,14.893333333333333,1667.3166666666666,2252.2166666666667,0.43362630208333336,23.5333333333332,89.36,0.2333333333333333,6,10354.04
1566915115,0.275,0.0291015625,14.068333333333333,2580.9166666666665,3004.916666666666,0.43399251302083336,36.04166666666657,84.41,0.2416666666666667,6,10325.454333333337
1566915130,0.29166666666666663,0.029785156250000007,16.65833333333333,3020.566666666666,3332.7250000000013,0.434716796875,41.966666666666654,99.95000000000002,0.2583333333333333,6,9910.635166666667
1566915146,0.26666666666666666,0.028759765625,19.843333333333327,3561.925,3709.2,0.4357666015625,49.33333333333347,119.06,0.26666666666666666,6,9217.512333333332
1566915161,0.275,0.0291015625,22.99,3681.3,3720.433333333333,0.4339680989583333,51.824999999999854,137.94,0.2416666666666667,6,9886.2755
1566915177,0.29166666666666663,0.02978515625,24.665,2174.9083333333333,2437.15,0.4352457682291667,30.86666666666666,147.98999999999995,0.26666666666666666,6,9246.678
1566915192,0.25833333333333336,0.02841796875,24.77833333333333,1627.35,1998.708333333333,0.43515625,23.383333333333336,148.67,0.25,6,9295.8495
1566915208,0.2833333333333333,0.029443359375,23.11,1161.4666666666667,1757.4583333333335,0.43443196614583335,18.058333333333444,138.66,0.25,7,9248.570666666668
1566915223,0.3083333333333333,0.030696614583333337,21.941556519971066,1823.05,2331.875,0.4350504557291667,25.725000000000147,131.6493391198264,0.26666666666666666,7,8288.219833333334
1566915239,0.26666666666666666,0.028759765625,20.37826681733183,2627.883333333333,2980.05,0.432763671875,37.041666666666714,122.26960090399095,0.2166666666666667,7,8221.442500000001
1566915254,0.3142857142857143,0.031298828125000004,19.071634416989163,3059.4357142857148,4484.742857142857,0.4339215959821429,49.34999999999979,114.429806501935,0.2571428571428571,7,7030.3765
1566915285,0.2857142857142857,0.029931640625,20.117142857142856,3081.542857142857,3252.514285714285,0.4362723214285714,44.25000000000002,140.83024999999995,0.27142857142857146,7,8365.801428571429
1566915301,0.2928571428571429,0.030029296875,19.362885405944414,1152.4,1698.5785714285714,0.4342354910714286,18.27142857142867,135.5441645082776,0.25,7,8045.975571428572
1566915316,0.27142857142857146,0.028955078125,18.656236545442788,1083.2428571428572,1728.9928571428575,0.4328404017857143,16.58571428571449,130.59670442921063,0.2285714285714285,7,8737.911428571428
1566915332,0.3142857142857143,0.030908203125,17.991822609196287,1469.0285714285712,2024.892857142857,0.4343401227678571,20.82142857142827,125.94580687548513,0.26428571428571423,7,8705.896285714285
1566915347,0.25,0.028076171875,17.38798820170434,2200.5071428571428,2691.092857142857,0.43263811383928574,31.0000000000004,121.72113637026371,0.2142857142857143,7,8150.069428571428
1566915363,0.2928571428571429,0.030224609375,17.245714285714286,2655.535714285714,3047.828571428571,0.4349330357142857,37.207142857142784,120.72,0.2571428571428571,7,8101.693857142856
1566915378,0.2928571428571429,0.030029296875,16.66428571428571,2898.635714285714,3226.485714285715,0.4360630580357143,40.57142857142839,116.64999999999998,0.2785714285714286,7,8026.27557142857
1566915394,0.25713857185710004,0.028368710282989564,19.315982381271454,3515.388886825603,3694.415069207365,0.4358545646551417,47.96506277943632,135.2118766689002,0.2571392860713929,7,8042.995142857142
1566915409,0.2714321432143214,0.028955479253282467,21.954285714285717,2706.483231894618,3002.418158958753,0.4351763782684072,38.4059905990596,153.68,0.2500028574286,7,10271.754571428572
1566915425,0.2785750003571786,0.029248448003282468,21.03428571428571,1003.1260890374753,1569.2253018158954,0.4337115345184072,15.805990599060195,147.23999999999995,0.2428600002857429,7,7998.797428571428
1566915440,0.27142214382128393,0.02895443264425515,19.73,1084.5525106948244,1632.3466772841214,0.4337449016436597,19.34460009569989,138.11,0.26428035794630805,7,8889.286857142857
1566915456,0.3000053579465491,0.030322867347512845,18.618571428571435,1747.0397055986969,2110.869408982776,0.4370769196573683,26.241277620214486,130.33,0.29286357239300176,7,8886.668
1566915471,0.27143392937512056,0.02895567984751284,17.541428571428572,1992.0968484558402,2299.197980411347,0.4367420982287968,29.112706191642882,122.79,0.2785778581072875,7,8871.773285714286
1566915487,0.2785714285714286,0.029443359375,13.381428571428573,1024.392857142857,1590.95,0.4346540178571429,16.20714285714298,93.67,0.25,7,8891.582428571428
1566915502,0.2785714285714286,0.029443359375,10.037142857142856,1060.65,1697.1285714285714,0.4334821428571428,16.214285714286028,70.25999999999999,0.2357142857142857,7,8102.88142857143
1566915518,0.2928571428571429,0.030029296875000007,11.725714285714286,1724.4714285714285,2259.4142857142856,0.4340471540178572,24.242857142857304,82.07999999999998,0.25,7,8070.1839999999975
1566915533,0.2785714285714286,0.029248046875,13.514285714285714,2555.714285714286,2996.585714285715,0.4343401227678571,36.42857142857132,94.6,0.25,7,7452.954428571428
1566915549,0.2571428571428571,0.028369140625,16.231428571428573,3089.042857142857,3405.0714285714284,0.433984375,43.80714285714287,113.62000000000002,0.2357142857142857,7,7461.232
1566915564,0.2857142857142857,0.029541015625000007,17.91428571428571,3473.6714285714284,3658.828571428571,0.4350446428571429,49.2071428571431,125.4,0.2571428571428571,7,8081.439857142856
1566915580,0.2785714285714286,0.029248046875,20.895714285714284,3033.628571428572,3227.457142857143,0.4347446986607143,43.11428571428589,146.26999999999995,0.25,7,8082.017714285714
1566915595,0.25714107151785265,0.02836894009094188,21.912857142857145,1658.7053575892637,2087.039018763348,0.4349996838188224,25.257596048768765,153.39,0.2499982143749956,7,8097.182999999999
1566915611,0.2714307143928625,0.02895529332828248,20.964285714285715,903.254210924832,1448.8939879136817,0.4351454277512983,14.549358182194764,146.75,0.2571450001071482,7,8153.252285714286
1566915626,0.2785714285714286,0.029248046875,19.21142857142857,1098.2785714285717,1536.4071428571426,0.4343819754464286,16.242857142856884,134.48,0.25,7,7138.9358571428575
1566915642,0.2714285714285714,0.028955078125,18.13714285714286,1949.45,2186.2285714285713,0.43470982142857145,28.100000000000104,126.96,0.25,7,7138.9358571428575
1566915657,0.2857142857142857,0.029541015625000007,16.872857142857143,2569.9571428571426,2638.3285714285707,0.436474609375,36.728571428571726,118.11,0.2785714285714286,7,6813.803714285714
1566915673,0.271426785803567,0.029150190090941882,17.002857142857145,3081.1635393230326,3063.193077846108,0.4353554197290136,44.264684980036925,119.01999999999998,0.2499982143749956,7,6833.0085714285715
1566915688,0.2857146430535724,0.02954103029422437,19.151400185998146,3430.5069521899823,3398.583169976797,0.4366838824965995,50.17138389398171,134.05980130198697,0.2785717859107152,8,7086.2632857142835
1566915704,0.2785735715357197,0.029248262078282482,20.89282875742672,2711.311087340081,2899.5780164008197,0.4366102746404061,41.142426049874025,146.24980130198696,0.2714307143928625,8,7147.052428571428
1566915719,0.2714285714285714,0.028955078125,21.85571428571428,1740.7785714285715,2129.6071428571427,0.4356305803571429,27.114285714285568,152.98999999999995,0.2571428571428571,8,7167.140714285715
1566915735,0.2857121429642803,0.02973611294323677,20.416428571428565,732.9607498196519,1318.1928724992322,0.4339254661150872,12.29351603848402,139.89,0.2428553572321384,8,7271.910142857144
1566915766,0.3062515625781289,0.03089617157859846,15.767439375,1869.49715079504,2150.286220248513,0.4352444013802253,27.49952497624871,126.14312666666666,0.2687512500625031,8,15061.395625
1566915781,0.275,0.0292724609375,13.177848125,1563.36875,1973.7625,0.43519287109375,23.312499999999872,105.4262325,0.25625,8,14964.664375
1566915797,0.28125,0.02935791015625,8.866106687629376,431.2375,1118.01875,0.43410034179687496,8.400000000000052,70.93060350103501,0.25,8,8141.254875
1566915812,0.2875,0.029614257812500006,7.136968888888887,294.1375,966.03125,0.4336547851562499,6.118750000000173,57.09697638888888,0.25,8,8238.101999999999
1566915828,0.28125,0.02969970703125,6.1053876562500005,270.63125,944.74375,0.43291015625,5.3374999999998085,48.84419000000001,0.225,8,7705.834875
1566915843,0.2875,0.029785156250000007,5.525625,263.13125,929.1125,0.43302001953125,5.0437500000000925,44.205,0.23125,8,7785.796875
1566915859,0.28125,0.02935791015625,2.87125,248.425,886.9187499999997,0.4330078124999999,4.587500000000002,22.97,0.23125,8,7389.03825
1566915874,0.26875,0.02884521484375,0.50625,246.76875,894.375,0.432366943359375,4.600000000000168,4.05,0.21875,8,6662.5573749999985
1566915890,0.2875,0.029614257812500006,0.05,253.84375,925.14375,0.43275146484375,5.30624999999981,0.4,0.2375,8,6643.84725
1566915905,0.275,0.0291015625,0.05,252.5875,905.89375,0.43280639648437497,4.843749999999928,0.4,0.225,8,6271.580125
1566915921,0.28125,0.02952880859375,0.05,246.8875,894.78125,0.43277587890625,4.775000000000347,0.4,0.225,8,6081.284749999999
1566915936,0.2875,0.029614257812500006,0.05,240.21875,869.4625,0.43331298828125,4.731250000000261,0.4,0.2375,8,5745.362125
1566915952,0.26875,0.02884521484375,0.04999968751562423,248.28125,904.275,0.4323547363281249,4.793749999999921,0.3999975001249937,0.21875,8,5687.1751250000025
1566915967,0.2812481250937453,0.029357721872207174,0.05,243.42361163191842,897.469873381331,0.4328464121837853,4.469349032548447,0.4,0.2312484375781211,8,5596.9569999999985
1566915983,0.2875018750937547,0.029785344552872173,0.049999937500624994,225.6575210010501,847.3859286714336,0.4330471421642371,4.30564996999874,0.399999500005,0.2312515625781289,8,4305.778375
1566915998,0.2750018750937547,0.029101750802872174,0.05,219.64502100105003,835.5171786714336,0.4329433823986121,4.130649969998616,0.4,0.22500156257812887,8,4098.081625
1566916014,0.29375,0.029870605468750006,0.06374993750062499,264.125,909.59375,0.43382568359375,5.581249999999436,0.5099995000049999,0.24375,8,4118.57675
1566916029,0.2875,0.0296142578125,0.35125,374.35625000000016,1019.85,0.4334045410156249,6.843750000000135,2.81,0.2375,8,3546.328375
1566916045,0.28124999999999994,0.02935791015625,0.6100043752187609,454.99375,1091.5,0.43333740234375,7.581250000000316,4.880035001750088,0.23125,8,4087.57275
1566916060,0.2875,0.029614257812500006,0.8825043752187609,428.2125,1062.25,0.43341064453125,7.318749999999845,7.060035001750088,0.2375,8,3532.7100000000005
1566916076,0.28125,0.02935791015625,1.5312525875258751,604.33125,1228.0875,0.43309936523437503,9.162499999999733,12.250020700207,0.23125,8,3499.94725
1566916091,0.275,0.0292724609375,2.7550025875258752,1012.34375,1610.4625,0.4325866699218749,14.606249999999823,22.040020700207,0.21875000000000008,8,3483.80175
1566916107,0.2875,0.029614257812500006,5.657453028370532,1795.3625,2290.5437500000007,0.43349609375,24.75000000000001,45.259624226964256,0.2375,8,3194.439875
1566916122,0.28125,0.02952880859375,8.408746362698874,2498.91875,2867.275,0.43299560546875,34.31250000000013,67.269970901591,0.225,8,3181.4998749999995
1566916138,0.3,0.0306396484375,13.77625,3054.48125,3320.33125,0.433514404296875,42.28125000000027,110.21,0.23125,8,3155.8775
1566916153,0.28125,0.029528808593750008,17.63375,3278.3749999999995,3454.1125,0.43336181640625,44.85624999999993,141.07,0.225,9,3158.52575
1566916169,0.2875,0.029614257812500006,19.675,2075.74375,2386.45625,0.43450927734375,28.768749999999986,157.39999999999995,0.25,9,3193.505125
1566916185,0.275,0.0291015625,18.88375,554.85625,1172.94375,0.434002685546875,9.27500000000034,151.07,0.2375,9,3187.828625
1566916200,0.28125,0.02952880859375,17.626422948260114,629.6125,1222.9062499999998,0.43402709960937497,10.11875000000014,141.0113835860809,0.2375,9,3169.0535
1566916216,0.29375,0.02987060546875,16.142519312693125,1414.25625,1811.2,0.4356689453125001,21.112499999999915,129.140154501545,0.275,8,3085.8825
1566916231,0.3,0.030126953125,15.142519312693127,1842.79375,2135.1875,0.436297607421875,26.68750000000017,121.14015450154504,0.28125,8,3091.5066249999995
1566916247,0.28124812509374525,0.029357721872207167,13.906249999999998,2604.970093370331,2719.8950133743315,0.43602020765660937,37.78162060646985,111.25,0.2624981250937453,8,3093.50175
1566916262,0.27499687578114845,0.029272110073078193,14.3175,3164.555777914673,3232.254997775385,0.43571849134247576,45.85070481946071,114.54,0.25624781314054457,8,3087.024625
1566916278,0.28750718842200546,0.029614998262464325,19.1225,3003.7081860559783,3072.551729434389,0.43660755201782936,43.32359545172609,152.98,0.2750062507813594,8,3048.6805
1566916293,0.275,0.0291015625,19.678774700247004,1365.7125,1821.30625,0.435791015625,21.40624999999989,157.43019760197603,0.2625,9,3142.03925
1566916309,0.275,0.0292724609375,18.571274700247,505.04374999999993,1162.7687500000004,0.4345458984375,8.999999999999806,148.57019760197602,0.24375,9,3173.14175
1566916324,0.2999981250937453,0.030468561715957174,17.415,837.9135408854557,1397.2032142142893,0.4340060798473748,13.21304466026698,139.32,0.2437484375781211,9,3081.66075
1566916340,0.2875018750937547,0.02961444611537218,15.60625,1337.2281839091956,1744.5558034151709,0.4339260465830909,19.824513725686373,124.85,0.2437515625781289,9,3088.1595
1566916371,0.2944377787776278,0.030202292030327395,11.117263912037036,2006.1670082820908,2285.210191804563,0.43463363687721146,30.678501002627506,100.05934708333332,0.25555055630544304,9,18684.00277777778
1566916386,0.2625046882032305,0.02858939369469873,7.870558472222222,478.80688321998304,1108.5322054558183,0.4327778433122391,9.942903379951492,70.835241875,0.22500468820323047,9,7247.687125
1566916402,0.30625,0.03072509765625,7.61243223765432,257.6,906.09375,0.433013916015625,6.977777777777866,68.5111075,0.24375,8,7314.44325
1566916417,0.2875,0.02978515625,7.225359907407408,252.96875,885.975,0.432769775390625,7.0944444444445525,65.02682604166667,0.23125,8,7231.211499999998
1566916433,0.2875,0.0299560546875,6.029786898148147,255.5125,896.21875,0.43264770507812494,4.9312499999999835,54.26561625,0.225,8,6445.306375
1566916448,0.2875,0.02978515625,3.76625,257.21875,901.90625,0.43306884765625,4.7562499999998575,30.13,0.23125,8,6464.685125
1566916464,0.27499687531246875,0.02927211002044327,1.0724999999999998,236.29720277972203,847.221156009399,0.4323554454857249,4.2511942555744575,8.58,0.218747500249975,8,3497.110375
1566916479,0.2812468753124687,0.029357559239193268,0.05,247.365952779722,886.9211560093988,0.4329047618919749,4.888694255574134,0.4,0.2312475002499749,8,3538.48575
1566916495,0.27500375037503755,0.02910193912457652,0.05,246.27173092309232,880.4665360286027,0.43293389153368456,4.6488067556757615,0.4,0.22500312531253128,8,3474.878125
1566916510,0.26875000000000004,0.02884521484375,0.05,243.01875,872.3875,0.432550048828125,4.612499999999925,0.4,0.21875000000000008,8,3429.678625
1566916526,0.3,0.030126953125,0.049999937500624994,232.69375,853.51875,0.433624267578125,4.181249999999963,0.399999500005,0.25,8,3434.760875
1566916557,0.2749925014997001,0.029271673741423587,0.05,238.71845755848832,875.7218931213756,0.4326247433618745,4.3086395220958575,0.4,0.21874500099980004,8,3392.77325
1566916573,0.2937493790935143,0.03004140146507788,0.05,232.82996526573498,858.1267843539964,0.4335971204215521,4.575596584263341,0.4,0.2374984407028869,8,3451.196125
1566916588,0.27500781445361344,0.029273338537271036,0.05,218.83157976994246,819.424132595649,0.4325757480019419,4.122002375594003,0.4,0.21875625156289072,8,3361.8695
1566916604,0.29375,0.029870605468750006,0.05,224.9625,835.525,0.43372192382812497,4.712500000000173,0.4,0.24375,8,3391.0710000000013
1566916619,0.26875000000000004,0.02884521484375,0.05,241.85,874.6875000000001,0.43245849609375,5.074999999999861,0.4,0.21875000000000008,8,3379.404875
1566916635,0.26875000000000004,0.02884521484375,0.05000006250062501,224.89375,838.95625,0.4324462890625,4.206249999999939,0.400000500005,0.21875000000000008,8,3288.142375
1566916650,0.2875,0.029614257812500006,0.05,215.4125,811.41875,0.43326416015625,4.081249999999984,0.4,0.2375,8,3356.601750000001
1566916666,0.25,0.028076171875,0.05,234.8125,857.05625,0.431915283203125,4.675000000000366,0.4,0.2,8,3161.997875
1566916681,0.2875,0.0296142578125,0.05,231.925,856.98125,0.433502197265625,4.443749999999653,0.4,0.2375,8,3251.746125
1566916697,0.28125,0.029357910156250007,0.31875000000000003,398.5625,996.35625,0.433331298828125,6.806249999999992,2.55,0.23125,8,3150.71975
1566916712,0.2750000000000001,0.0292724609375,2.38625,1436.6875,1900.00625,0.4341552734375,20.675000000000136,19.09,0.2375,8,3169.534375
1566916728,0.28125,0.02935791015625,10.815,4379.2437500000015,4194.6375,0.435028076171875,62.281250000000064,86.52,0.25625,8,3235.095625
1566916743,0.27499687531246875,0.02910121158294327,14.55435109375,4266.623926357364,4073.220359214079,0.436475302665046,60.7255424457553,116.431306875,0.2687475002499751,8,3222.879875
1566916759,0.2812521879531586,0.029529009751025667,15.794306354166665,1507.682620730387,1950.324756856592,0.4346340698910997,23.611902663848767,126.35074375,0.2437518753750281,8,3267.540428571428
1566916774,0.2785775005179045,0.02944399035719998,15.56201045228558,272.8128029683098,940.6499396281944,0.4336169797079379,13.354465476267901,124.48950653495129,0.2285764290000393,7,3289.670428571429
1566916790,0.2642875000892902,0.028662309929112523,15.739384983535581,265.937668311987,932.1144582229113,0.4325505149420417,13.368155595279967,125.91006320161794,0.214287142928575,7,3247.416
1566916805,0.30713857185710003,0.03061480403298956,14.445407239583332,246.5892653591784,895.1575735283615,0.43445250410784814,12.989282663497761,115.55617208333332,0.2428521432856749,7,3234.534857142857
1566916824,0.2571446433036027,0.02856465371922435,9.561428571428571,247.2298865434766,871.5428006449962,0.43224358789474215,4.920747331541652,66.93,0.2000014289285965,7,3169.0442857142853
1566916839,0.2785735715357197,0.029248262078282482,2.067142857142857,235.57309222603988,872.5343492174609,0.4336317293682765,4.413598894230512,14.47,0.2285732143750045,7,3193.763857142857
1566916855,0.28570892937487946,0.029540414082976838,0.05,235.68834067746982,868.9481245670293,0.43339614815311184,4.194911834653012,0.35,0.23571000064276074,7,3182.404142857143
1566916870,0.28571643050004825,0.029736445510570444,0.05,247.27883001850586,902.0294552691983,0.4329939083294863,4.5714504560543725,0.35,0.2285725014464527,7,3107.1522857142854
1566916886,0.28572071525014464,0.029541661299418133,0.05000007142928572,230.7044053036527,853.6664049607443,0.4334774783739882,4.155081119310749,0.350000500005,0.2357196436608348,7,3132.072142857143
1566916901,0.2571428571428572,0.028369140625,0.04999992857214285,229.15714285714287,859.1428571428571,0.43228236607142856,4.107142857143018,0.349999500005,0.2071428571428572,7,2954.2404285714283
1566916917,0.2785714285714286,0.029248046875000006,0.05,251.70000000000005,908.7857142857142,0.43301478794642856,4.364285714285805,0.35,0.2285714285714285,7,2954.2404285714283
1566916932,0.2928571428571428,0.029833984375,0.049999571454284165,259.8357142857143,921.9357142857144,0.43373325892857145,4.407142857142747,0.3499970001799892,0.24285714285714285,7,2938.298714285714
1566916948,0.27142857142857146,0.028955078125,0.04999992857214285,216.67142857142846,816.6142857142854,0.432958984375,4.08571428571463,0.3499995000049999,0.22142857142857145,7,2902.454571428572
1566916963,0.2785714285714286,0.029248046875,0.05,233.6285714285714,860.2,0.4332380022321429,4.892857142856591,0.35,0.2285714285714286,7,2888.0551428571425
1566916979,0.2857142857142857,0.029541015625,0.05,225.79285714285717,846.0999999999997,0.4343052455357143,4.385714285714113,0.35,0.25,7,2859.656428571428
1566916994,0.2642857142857143,0.028662109375,0.05000007142928572,223.45714285714286,841.0428571428571,0.43348911830357145,4.199999999999834,0.35000050000500005,0.2285714285714286,7,2875.159
1566917010,0.2857142857142857,0.029736328125,0.05,216.0142857142857,814.9214285714287,0.433056640625,4.064285714286159,0.35,0.2285714285714285,7,2875.159
1566917025,0.2642857142857143,0.028662109375,0.0500004285971444,215.77142857142857,825.492857142857,0.4322126116071429,4.064285714285428,0.3500030001800108,0.2142857142857144,7,2871.592714285715
1566917041,0.3,0.030126953125,0.050000500026430125,229.82142857142856,858.1142857142858,0.4339704241071429,4.414285714285922,0.3500035001850109,0.25,7,2851.357142857143
1566917056,0.2785714285714285,0.029248046875,0.050000071429285725,223.25,837.2214285714286,0.4333147321428571,4.164285714285987,0.35000050000500005,0.2285714285714285,7,2845.634857142857
1566917072,0.2785714285714286,0.029248046875,0.05,212.65714285714282,812.4000000000003,0.4333147321428572,3.9571428571425065,0.35,0.2285714285714285,7,2871.023571428572
1566917087,0.2785714285714286,0.029248046875,0.05,222.14285714285717,843.5642857142857,0.4329380580357143,4.349999999999942,0.35,0.2285714285714286,7,2857.997571428572
1566917103,0.2785714285714286,0.029248046875,0.05,218.15714285714287,830.0857142857143,0.4333217075892857,4.057142857142984,0.35,0.2285714285714285,7,2833.619
1566917118,0.27142214382128393,0.02895443264425515,0.04999992857214285,215.54590775669362,825.4274105312775,0.4331798768828649,4.0734939759041335,0.3499995000049999,0.2214232150891652,7,2829.423
1566917134,0.2999935723927125,0.03012630764425515,0.04999992857214285,210.03162204240795,805.4988391027057,0.4342192184007221,3.93777969018916,0.3499995000049999,0.24999464366059376,7,2801.379142857143
1566917150,0.2642910722322634,0.02866271109751284,0.049999500026427016,219.47618642796417,843.6535969681166,0.4328147837549517,4.083657905828752,0.3499965001849891,0.2142900006429536,7,2827.197
1566917165,0.2785714285714286,0.029248046875,0.04999992857214285,220.52142857142857,830.1857142857143,0.4334402901785715,4.1928571428569015,0.349999500005,0.2285714285714285,7,2715.6539999999995
1566917181,0.2642857142857143,0.028662109375,0.05,221.57142857142856,828.85,0.4324148995535714,4.27857142857176,0.35,0.2142857142857144,7,2743.043285714285
1566917196,0.2785714285714286,0.029248046875000006,0.05,208.97142857142856,810.9071428571428,0.433203125,3.9071428571430387,0.35,0.2285714285714285,7,2798.076428571429
1566917212,0.2928571428571428,0.029833984375,0.05,214.82142857142856,830.3928571428571,0.4338518415178572,3.914285714285647,0.35,0.24285714285714285,7,2703.1915714285715
1566917227,0.2642857142857143,0.028857421875,0.050000071429285725,221.4357142857143,837.85,0.4323590959821428,4.099999999999925,0.350000500005,0.2071428571428572,7,2738.184
1566917243,0.29285500010713744,0.02983376919323677,0.0500004285971444,219.8125990129065,831.4297660116994,0.43345114866187495,4.14353568035897,0.3500030001800108,0.2428553572321384,7,2731.1237142857144
1566917258,0.2785692858214232,0.02924783169323677,0.05000007142928572,214.64117044147795,819.901194583128,0.4330047200904463,4.2363928232161925,0.35000050000500005,0.2285696429464241,7,2679.373285714286
1566917274,0.2571428571428572,0.028369140625,0.05,214.67142857142846,820.4642857142858,0.4322056361607143,4.121428571428477,0.35,0.2071428571428572,7,2515.157
1566917289,0.2928592858214339,0.029834199578282487,0.05,215.7800622173966,819.4411881308351,0.4337154319351013,3.963598894230232,0.35,0.2428589286607188,7,2515.157
1566917305,0.27142857142857146,0.028955078125,0.05,211.52857142857144,816.1071428571429,0.43288225446428574,3.921428571428253,0.35,0.22142857142857145,7,2630.293428571429
1566917328,0.2928571428571428,0.029833984375000008,0.05,214.61428571428573,824.8142857142857,0.4337053571428572,4.035714285714596,0.35,0.24285714285714285,7,2604.135
1566917347,0.2642857142857143,0.028662109375,0.05,223.97857142857143,853.6285714285713,0.4325404575892857,4.192857142856741,0.35,0.2142857142857143,7,2567.5891428571426
1566917369,0.2928571428571428,0.029833984375000008,0.05,218.9142857142857,826.5357142857142,0.4336007254464286,4.221428571428386,0.4,0.24285714285714285,7,2515.157
1566917394,0.2714285714285714,0.029150390625,0.05,216.0,832.9857142857143,0.4327427455357143,4.121428571428397,0.35,0.2142857142857143,7,2573.6910000000007
1566917412,0.3,0.030126953125,0.05,218.25714285714284,838.992857142857,0.4342843191964286,4.035714285714838,0.35,0.25,7,2561.834714285714
1566917433,0.2642857142857143,0.028662109375,0.05,207.30714285714282,806.407142857143,0.4324497767857143,3.842857142856977,0.35,0.2142857142857143,7,2566.225571428572
1566917453,0.2857142857142857,0.029541015625000007,0.05,213.43571428571425,821.5285714285715,0.4333356584821429,4.035714285713539,0.35,0.2357142857142857,7,2517.901714285714
1566917471,0.2785714285714286,0.029248046875,0.05,220.1642857142857,846.6928571428572,0.4335239955357143,4.357142857143441,0.35,0.2285714285714285,7,2535.762142857143
1566917492,0.2857142857142857,0.029541015625,0.05,211.24285714285716,810.0285714285715,0.43361467633928574,3.900000000000026,0.35,0.2357142857142857,7,2509.9142857142856
1566917512,0.2928571428571429,0.030029296875,0.05,213.4142857142857,825.7928571428571,0.4335658482142857,3.907142857142877,0.35,0.2357142857142857,7,2540.278142857143
1566917530,0.2785714285714286,0.029248046875000006,0.05,220.98571428571427,849.5,0.4331752232142857,4.0642857142855915,0.35,0.2285714285714285,7,2494.145142857143
1566917550,0.2928571428571429,0.029833984375,0.05,208.08571428571426,804.4142857142857,0.4337053571428572,3.8285714285718453,0.35,0.24285714285714285,7,2511.824428571429
1566917569,0.27856750019641874,0.02924763115917865,0.05,212.7681640917954,831.7730152778073,0.4333643519414431,4.2584974322704605,0.35,0.2285682144464205,7,2491.977142857143
1566917588,0.2785753573392955,0.029248462632395014,0.05,216.7889058738652,831.0837627595665,0.4332999898460325,3.9700563599613012,0.35,0.2285746430178652,7,2515.157
1566917608,0.3,0.030126953125,0.05,205.54285714285717,798.9142857142856,0.43443080357142855,3.7928571428569415,0.35,0.25,7,2500.326428571429
1566917627,0.2642857142857143,0.028662109375,0.05,214.4785714285714,831.8928571428571,0.4328962053571429,3.950000000000143,0.35,0.2142857142857143,7,2490.338428571429
1566917646,0.2785714285714286,0.029248046875000006,0.04999992857214285,221.00714285714284,844.6357142857145,0.43359375,4.135714285714096,0.3499995000049999,0.22857142857142854,7,2448.939857142857
1566917665,0.30714285714285716,0.030419921875,0.05,212.0142857142857,818.8571428571428,0.43465401785714286,4.114285714285545,0.35,0.2571428571428572,7,2487.7771428571427
