timestamp,PktIn,KBIn,AVG_RR,Inter,CTXSW,KBOut,CPU,SUM_RR,PktOut,vm_number,AVG_LAT_05,advised_vm_number
1565597280.0,0.2999250187453137,0.027825074981254687,0.0499990000199996,964.608847788053,2083.129217695576,0.7097834916270933,5.8985253686578885,0.0499990000199996,0.1999500124968758,3.0,10283.558,2.0
1565597280.0,0.2999250187453137,0.027825074981254687,0.0499990000199996,964.608847788053,2083.129217695576,0.7097834916270933,5.8985253686578885,0.0499990000199996,0.1999500124968758,3.0,10283.558,2.0
1565597280.0,0.2999250187453137,0.027825074981254687,0.0499990000199996,964.608847788053,2083.129217695576,0.7097834916270933,5.8985253686578885,0.0499990000199996,0.1999500124968758,3.0,10283.558,2.0
1565597280.0,0.2999250187453137,0.027825074981254687,0.0499990000199996,964.608847788053,2083.129217695576,0.7097834916270933,5.8985253686578885,0.0499990000199996,0.1999500124968758,3.0,10283.558,0.0
1565597280.0,0.2999250187453137,0.027825074981254687,0.0499990000199996,964.608847788053,2083.129217695576,0.7097834916270933,5.8985253686578885,0.0499990000199996,0.1999500124968758,3.0,10283.558,0.0
1565597280.0,0.2999250187453137,0.027825074981254687,0.0499990000199996,964.608847788053,2083.129217695576,0.7097834916270933,5.8985253686578885,0.0499990000199996,0.1999500124968758,3.0,10283.558,0.0
1565597280.0,0.2999250187453137,0.027825074981254687,0.0499990000199996,964.608847788053,2083.129217695576,0.7097834916270933,5.8985253686578885,0.0499990000199996,0.1999500124968758,3.0,10283.558,2.0
1565597280.0,0.2999250187453137,0.027825074981254687,0.0499990000199996,964.608847788053,2083.129217695576,0.7097834916270933,5.8985253686578885,0.0499990000199996,0.1999500124968758,3.0,10283.558,2.0
1565597280.0,0.2999250187453137,0.027825074981254687,0.0499990000199996,964.608847788053,2083.129217695576,0.7097834916270933,5.8985253686578885,0.0499990000199996,0.1999500124968758,3.0,10283.558,2.0
1565597280.0,0.2999250187453137,0.027825074981254687,0.0499990000199996,964.608847788053,2083.129217695576,0.7097834916270933,5.8985253686578885,0.0499990000199996,0.1999500124968758,3.0,10283.558,2.0
1565597280.0,0.2999250187453137,0.027825074981254687,0.0499990000199996,964.608847788053,2083.129217695576,0.7097834916270933,5.8985253686578885,0.0499990000199996,0.1999500124968758,3.0,10283.558,2.0
1565597280.0,0.2999250187453137,0.027825074981254687,0.0499990000199996,964.608847788053,2083.129217695576,0.7097834916270933,5.8985253686578885,0.0499990000199996,0.1999500124968758,3.0,10283.558,2.0
1565597280.0,0.2999250187453137,0.027825074981254687,0.0499990000199996,964.608847788053,2083.129217695576,0.7097834916270933,5.8985253686578885,0.0499990000199996,0.1999500124968758,3.0,10283.558,2.0
1565597280.0,0.2999250187453137,0.027825074981254687,0.0499990000199996,964.608847788053,2083.129217695576,0.7097834916270933,5.8985253686578885,0.0499990000199996,0.1999500124968758,3.0,10283.558,2.0
1565597280.0,0.2999250187453137,0.027825074981254687,0.0499990000199996,964.608847788053,2083.129217695576,0.7097834916270933,5.8985253686578885,0.0499990000199996,0.1999500124968758,3.0,10283.558,2.0
1565597280.0,0.2999250187453137,0.027825074981254687,0.0499990000199996,964.608847788053,2083.129217695576,0.7097834916270933,5.8985253686578885,0.0499990000199996,0.1999500124968758,3.0,10283.558,0.0
1565597280.0,0.2999250187453137,0.027825074981254687,0.0499990000199996,964.608847788053,2083.129217695576,0.7097834916270933,5.8985253686578885,0.0499990000199996,0.1999500124968758,3.0,10283.558,0.0
1565597280.0,0.2999250187453137,0.027825074981254687,0.0499990000199996,964.608847788053,2083.129217695576,0.7097834916270933,5.8985253686578885,0.0499990000199996,0.1999500124968758,3.0,10283.558,0.0
1565597280.0,0.2999250187453137,0.027825074981254687,0.0499990000199996,964.608847788053,2083.129217695576,0.7097834916270933,5.8985253686578885,0.0499990000199996,0.1999500124968758,3.0,10283.558,0.0
1565597280.0,0.2999250187453137,0.027825074981254687,0.0499990000199996,964.608847788053,2083.129217695576,0.7097834916270933,5.8985253686578885,0.0499990000199996,0.1999500124968758,3.0,10283.558,0.0
1565597280.0,0.2999250187453137,0.027825074981254687,0.0499990000199996,964.608847788053,2083.129217695576,0.7097834916270933,5.8985253686578885,0.0499990000199996,0.1999500124968758,3.0,10283.558,0.0
1565597280.0,0.2999250187453137,0.027825074981254687,0.0499990000199996,964.608847788053,2083.129217695576,0.7097834916270933,5.8985253686578885,0.0499990000199996,0.1999500124968758,3.0,10283.558,0.0
1565597280.0,0.2999250187453137,0.027825074981254687,0.0499990000199996,964.608847788053,2083.129217695576,0.7097834916270933,5.8985253686578885,0.0499990000199996,0.1999500124968758,3.0,10283.558,0.0
1565597280.0,0.2999250187453137,0.027825074981254687,0.0499990000199996,964.608847788053,2083.129217695576,0.7097834916270933,5.8985253686578885,0.0499990000199996,0.1999500124968758,3.0,10283.558,0.0
1565597280.0,0.2999250187453137,0.027825074981254687,0.0499990000199996,964.608847788053,2083.129217695576,0.7097834916270933,5.8985253686578885,0.0499990000199996,0.1999500124968758,3.0,10283.558,0.0
1565597280.0,0.2999250187453137,0.027825074981254687,0.0499990000199996,964.608847788053,2083.129217695576,0.7097834916270933,5.8985253686578885,0.0499990000199996,0.1999500124968758,3.0,10283.558,0.0
1565597280.0,0.2999250187453137,0.027825074981254687,0.0499990000199996,964.608847788053,2083.129217695576,0.7097834916270933,5.8985253686578885,0.0499990000199996,0.1999500124968758,3.0,10283.558,0.0
1565597280.0,0.2999250187453137,0.027825074981254687,0.0499990000199996,964.608847788053,2083.129217695576,0.7097834916270933,5.8985253686578885,0.0499990000199996,0.1999500124968758,3.0,10283.558,0.0
1565609003.0,0.25002500250025,0.025783828382838284,0.0499990000199996,956.995699569957,2017.2517251725167,0.7142804124162416,7.540754075408643,0.0499990000199996,0.2000200020002,3.0,13790.787,0.0
1565609003.0,0.25002500250025,0.025783828382838284,0.0499990000199996,956.995699569957,2017.2517251725167,0.7142804124162416,7.540754075408643,0.0499990000199996,0.2000200020002,3.0,13790.787,4.0
1565609003.0,0.25002500250025,0.025783828382838284,0.0499990000199996,956.995699569957,2017.2517251725167,0.7142804124162416,7.540754075408643,0.0499990000199996,0.2000200020002,3.0,13790.787,4.0
1565609003.0,0.25002500250025,0.025783828382838284,0.0499990000199996,956.995699569957,2017.2517251725167,0.7142804124162416,7.540754075408643,0.0499990000199996,0.2000200020002,3.0,13790.787,4.0
1565609003.0,0.25002500250025,0.025783828382838284,0.0499990000199996,956.995699569957,2017.2517251725167,0.7142804124162416,7.540754075408643,0.0499990000199996,0.2000200020002,3.0,13790.787,4.0
1565609003.0,0.25002500250025,0.025783828382838284,0.0499990000199996,956.995699569957,2017.2517251725167,0.7142804124162416,7.540754075408643,0.0499990000199996,0.2000200020002,3.0,13790.787,4.0
1565609003.0,0.25002500250025,0.025783828382838284,0.0499990000199996,956.995699569957,2017.2517251725167,0.7142804124162416,7.540754075408643,0.0499990000199996,0.2000200020002,3.0,13790.787,4.0
1565609003.0,0.25002500250025,0.025783828382838284,0.0499990000199996,956.995699569957,2017.2517251725167,0.7142804124162416,7.540754075408643,0.0499990000199996,0.2000200020002,3.0,13790.787,4.0
1565597280.0,0.2999250187453137,0.027825074981254687,0.0499990000199996,964.608847788053,2083.129217695576,0.7097834916270933,5.8985253686578885,0.0499990000199996,0.1999500124968758,3.0,10283.558,0.0
1565597280.0,0.2999250187453137,0.027825074981254687,0.0499990000199996,964.608847788053,2083.129217695576,0.7097834916270933,5.8985253686578885,0.0499990000199996,0.1999500124968758,3.0,10283.558,0.0
1565597280.0,0.2999250187453137,0.027825074981254687,0.0499990000199996,964.608847788053,2083.129217695576,0.7097834916270933,5.8985253686578885,0.0499990000199996,0.1999500124968758,3.0,10283.558,0.0
1565609003.0,0.25002500250025,0.025783828382838284,0.0499990000199996,956.995699569957,2017.2517251725167,0.7142804124162416,7.540754075408643,0.0499990000199996,0.2000200020002,3.0,13790.787,4.0
1565609003.0,0.25002500250025,0.025783828382838284,0.0499990000199996,956.995699569957,2017.2517251725167,0.7142804124162416,7.540754075408643,0.0499990000199996,0.2000200020002,3.0,13790.787,4.0
1565597280.0,0.2999250187453137,0.027825074981254687,0.0499990000199996,964.608847788053,2083.129217695576,0.7097834916270933,5.8985253686578885,0.0499990000199996,0.1999500124968758,3.0,10283.558,0.0
1565597280.0,0.2999250187453137,0.027825074981254687,0.0499990000199996,964.608847788053,2083.129217695576,0.7097834916270933,5.8985253686578885,0.0499990000199996,0.1999500124968758,3.0,10283.558,0.0
1565597280.0,0.2999250187453137,0.027825074981254687,0.0499990000199996,964.608847788053,2083.129217695576,0.7097834916270933,5.8985253686578885,0.0499990000199996,0.1999500124968758,3.0,10283.558,0.0
1565597280.0,0.2999250187453137,0.027825074981254687,0.0499990000199996,964.608847788053,2083.129217695576,0.7097834916270933,5.8985253686578885,0.0499990000199996,0.1999500124968758,3.0,10283.558,2.0
1565597280.0,0.2999250187453137,0.027825074981254687,0.0499990000199996,964.608847788053,2083.129217695576,0.7097834916270933,5.8985253686578885,0.0499990000199996,0.1999500124968758,3.0,10283.558,2.0
1565597280.0,0.2999250187453137,0.027825074981254687,0.0499990000199996,964.608847788053,2083.129217695576,0.7097834916270933,5.8985253686578885,0.0499990000199996,0.1999500124968758,3.0,10283.558,2.0
1565597280.0,0.2999250187453137,0.027825074981254687,0.0499990000199996,964.608847788053,2083.129217695576,0.7097834916270933,5.8985253686578885,0.0499990000199996,0.1999500124968758,3.0,10283.558,0.0
1565597280.0,0.2999250187453137,0.027825074981254687,0.0499990000199996,964.608847788053,2083.129217695576,0.7097834916270933,5.8985253686578885,0.0499990000199996,0.1999500124968758,3.0,10283.558,0.0
1565597280.0,0.2999250187453137,0.027825074981254687,0.0499990000199996,964.608847788053,2083.129217695576,0.7097834916270933,5.8985253686578885,0.0499990000199996,0.1999500124968758,3.0,10283.558,0.0
1565597280.0,0.2999250187453137,0.027825074981254687,0.0499990000199996,964.608847788053,2083.129217695576,0.7097834916270933,5.8985253686578885,0.0499990000199996,0.1999500124968758,3.0,10283.558,0.0
